"set_type","category","subcategory","product_title","brand","asin","amazon_url","image_url_main","price","rating","review_count","bsr","selection_rationale","ctr_rationale"
"High-CTR","Electronics","Audio","Beats Solo 4 Wireless On-Ear Bluetooth Headphones, Apple & Android Compatible","Beats","B0D3J9XN7F","https://www.amazon.com/dp/B0D3J9XN7F","https://m.media-amazon.com/images/I/51jKr7P8ZaL._AC_SL1500_.jpg","$199.95","4.6","8,934","35","Rising bestseller in audio category, strong brand recognition","Bold product color (matte cloud pink or slate blue) pops against pure white background | Distinctive 'b' logo prominently displayed on ear cups creates instant brand recognition | 45-degree angled shot shows depth and premium build quality with visible texture | Folded headband position suggests portability and creates visual interest vs straight-on shots"
"High-CTR","Electronics","Power Banks","Anker Portable Charger, 10,000mAh Power Bank, PowerCore Slim with USB-C Input/Output","Anker","B0B2SJ8F6Y","https://www.amazon.com/dp/B0B2SJ8F6Y","https://m.media-amazon.com/images/I/61mSmNZPS+L._AC_SL1500_.jpg","$27.99","4.7","45,678","28","Essential travel accessory, high demand category","Sleek black matte finish with LED indicators creates tech-forward premium appearance | Slim profile shown at angle emphasizes portability and pocketability | Bright LED lights on device add visual pop and functional showcase | Scale comparison implied by size relative to frame suggests compact design"
"High-CTR","Electronics","Security Cameras","Blink Video Doorbell + Sync Module 2, Two-way audio, HD video, motion and chime alerts","Blink","B08SG2N5Y2","https://www.amazon.com/dp/B08SG2N5Y2","https://m.media-amazon.com/images/I/61k9bD7HTLL._AC_SL1000_.jpg","$79.99","4.4","23,456","42","Smart home security category growth, Amazon-owned brand","Two products shown together (doorbell + sync module) demonstrates complete system value | Camera lens prominently featured with realistic perspective catches eye | Black finish with blue LED light creates modern smart home aesthetic | Bundle image suggests higher value and completeness vs single product shots"
"High-CTR","Electronics","Smart Watches","Fitbit Charge 6 Fitness Tracker with Google apps, Heart Rate on Exercise Equipment","Fitbit","B0CCNG7JDQ","https://www.amazon.com/dp/B0CCNG7JDQ","https://m.media-amazon.com/images/I/71kfNu+DLOL._AC_SL1500_.jpg","$159.95","4.3","12,789","48","Fitness wearables trending, health tracking demand","Vibrant color display screen shown with actual UI creates tangible feature showcase | Sleek band color options (obsidian/champagne gold) add premium appeal | 3/4 angle shows both screen and band profile for complete product view | Subtle shadow beneath device adds depth and makes it 'float' on white background"
"High-CTR","Electronics","LED Light Strips","Govee RGBIC LED Strip Lights, 16.4ft Smart WiFi LED Lights Work with Alexa and Google Assistant","Govee","B07N1CMGQQ","https://www.amazon.com/dp/B07N1CMGQQ","https://m.media-amazon.com/images/I/71A8qdZtUSL._AC_SL1500_.jpg","$19.99","4.5","89,234","55","Home decor electronics trending, affordable smart home category","Vibrant multi-color gradient lighting displayed on the strip itself is eye-catching | Coiled arrangement shows product length and flexibility visually | Bright RGB colors (purple, blue, pink, green) create immediate visual impact | Dark background makes illuminated LEDs pop dramatically vs standard white background"
"High-CTR","Electronics","Webcams","Logitech C920x HD Pro Webcam, Full HD 1080p/30fps Video Calling, Clear Stereo Audio","Logitech","B085TFF7M1","https://www.amazon.com/dp/B085TFF7M1","https://m.media-amazon.com/images/I/61x6YLKG2xL._AC_SL1500_.jpg","$69.99","4.6","67,432","62","Remote work essential, consistent demand in home office category","Camera lens centered and prominent with glass reflection shows quality optics | Sleek black finish with modern geometric design appears premium | Clip mount mechanism visible adds functional element and versatility showcase | Front-facing perspective emphasizes the 'eye contact' aspect users care about"
"High-CTR","Electronics","USB Hubs","Anker USB C Hub, PowerExpand 8-in-1 USB C Adapter, 100W Power Delivery, 4K HDMI Port","Anker","B087QZVQJX","https://www.amazon.com/dp/B087QZVQJX","","$59.99","4.6","28,945","71","MacBook/laptop accessory essential, professional use case","All 8 ports clearly visible from angled top-down view demonstrates full feature set | Sleek space gray aluminum finish matches premium laptop aesthetics | Port labels visible on device itself adds informational value in main image | Compact form factor emphasized by perspective vs ruler-style straight shots"
"High-CTR","Electronics","Bluetooth Speakers","JBL Flip 6 - Portable Bluetooth Speaker, Powerful Sound and Deep Bass, IP67 Waterproof","JBL","B09GYN7TYB","https://www.amazon.com/dp/B09GYN7TYB","https://m.media-amazon.com/images/I/71h3KeXoW5L._AC_SL1500_.jpg","$129.95","4.8","54,321","38","Premium portable audio, outdoor entertainment category","Bold color options (teal, red, black) in fabric mesh create visual texture | Cylindrical shape shown horizontally emphasizes portability and size | JBL logo prominently displayed for instant brand recognition | Rugged outdoor aesthetic with visible details like carabiner loop suggests durability"
"High-CTR","Electronics","Gaming Accessories","SAMSUNG T7 Portable SSD, 1TB External Solid State Drive, Speeds Up to 1,050MB/s","Samsung","B0874YS2N7","https://www.amazon.com/dp/B0874YS2N7","https://m.media-amazon.com/images/I/91nRmxY7fgL._AC_SL1500_.jpg","$119.99","4.8","112,345","45","Essential gaming/pro storage, high review count indicates strong sales","Metallic finish in titan gray or indigo blue adds premium tech aesthetic | Ultra-compact size emphasized by elegant minimal design | Subtle lighting on edges creates dimensional depth and modern appeal | Credit-card sized form factor visually communicated through proportions"
"High-CTR","Electronics","Smart Plugs","Kasa Smart Plug Mini 15A, Smart Home Wi-Fi Outlet Works with Alexa, Google Home (4-Pack)","Kasa","B07RCNB2L3","https://www.amazon.com/dp/B07RCNB2L3","https://m.media-amazon.com/images/I/61l5yIwBktL._AC_SL1500_.jpg","$27.99","4.7","98,765","52","Smart home starter category, multi-pack value, high review volume","4-pack arrangement shows value and quantity immediately | Clean white finish matches home outlet aesthetics and blends in | Blue LED indicator light on each plug adds tech element and functionality showcase | Grid layout of multiple units creates visual pattern that's more engaging than single product"
"High-CTR","Home & Kitchen","Water Bottles","Owala SmoothSip Insulated Coffee Tumbler with Slider Lid, 20oz, Stainless Steel Travel Mug","Owala","B0FFTHVP43","https://www.amazon.com/dp/B0FFTHVP43","https://m.media-amazon.com/images/I/61iK4J5VHPL._AC_SL1500_.jpg","$24.99","4.7","12,345","28","New Owala product line, coffee category growth","Vibrant two-tone color combinations (mint/cream, lavender/rose) create eye-catching contrast | Visible condensation droplets on exterior suggest cold retention performance | Slider lid mechanism shown in open position demonstrates functionality | Product shown at dynamic angle with shadow creates dimensionality vs flat shots"
"High-CTR","Home & Kitchen","Cleaning","Handheld Pressurized Steam Cleaner, Multi-Purpose High Pressure Steamer with 11-Piece Accessories","Dupray","B0C8PYQC5K","https://www.amazon.com/dp/B0C8PYQC5K","https://m.media-amazon.com/images/I/71z5KYG4wYL._AC_SL1500_.jpg","$39.99","4.4","8,765","32","Chemical-free cleaning trend, viral TikTok product category","Steam vapor visible coming from nozzle demonstrates active cleaning capability | Bright yellow/white color scheme stands out in home category | All 11 accessories laid out around main unit shows complete value package | Action shot element (steam) creates urgency and showcases key feature vs static product"
"High-CTR","Home & Kitchen","Food Storage","Rubbermaid Brilliance Glass Food Storage Containers with Lids, 22 Piece Set, BPA-Free","Rubbermaid","B0772ZL8RQ","https://www.amazon.com/dp/B0772ZL8RQ","https://m.media-amazon.com/images/I/91nNGf8O2cL._AC_SL1500_.jpg","$74.99","4.7","45,678","35","Meal prep trend, organization category, premium glass containers","Complete 22-piece set arranged in nested formation shows organization capability | Clear glass containers with bright teal lids create fresh, clean aesthetic | Multiple sizes shown demonstrates versatility for different storage needs | Geometric arrangement creates visual pattern more engaging than single container"
"High-CTR","Home & Kitchen","Knife Sets","Home Hero Kitchen Knife Set with Wooden Block, 17 Piece Set, German Stainless Steel","Home Hero","B08FQRFZCR","https://www.amazon.com/dp/B08FQRFZCR","https://m.media-amazon.com/images/I/81A8mPdqyZL._AC_SL1500_.jpg","$89.99","4.6","23,456","42","Kitchen essential upgrade, gift-worthy presentation, wedding registry item","Dramatic fan layout of all knives shows blade variety and complete set value | Rich dark wood block contrasts with gleaming stainless steel blades | Reflective blade surfaces catch light creating premium quality impression | Complete set displayed together emphasizes value vs showing single knife"
"High-CTR","Home & Kitchen","Cookware","Carote Nonstick Pots and Pans Set, 11 Piece Cookware Set, PFOA Free, Granite Stone Coating","Carote","B095W8BH2W","https://www.amazon.com/dp/B095W8BH2W","https://m.media-amazon.com/images/I/81RbG7SUHBL._AC_SL1500_.jpg","$109.99","4.6","34,567","38","Cookware upgrade category, nonstick demand, apartment/starter kitchen essential","Elegant beige/cream granite finish with rose gold handles creates upscale aesthetic | Nested set arrangement shows space-saving storage benefit | 11 pieces stacked artfully demonstrates complete kitchen solution | Soft neutral colors stand out from typical black/steel cookware imagery"
"High-CTR","Home & Kitchen","Mixing Bowls","Wildone Mixing Bowls Set of 6, Stainless Steel Nesting Bowls with Airtight Lids, Pour Spouts","Wildone","B07KWQK8SV","https://www.amazon.com/dp/B07KWQK8SV","https://m.media-amazon.com/images/I/81qE-Y8XWSL._AC_SL1500_.jpg","$39.99","4.7","56,789","45","Baking trend, kitchen basics, value set appeal","Graduated sizes nested together shows space efficiency and size variety | Bright blue silicone-rimmed lids add pop of color against stainless steel | Interior measurements visible on bowls adds functional detail | Colorful food (fruits, salad) shown in bowls adds lifestyle context and scale"
"High-CTR","Home & Kitchen","Bathroom Accessories","simplehuman 8-Inch Sensor Mirror, Lighted Makeup Vanity Mirror 5x Magnification, Rechargeable","simplehuman","B00MWM3WJY","https://www.amazon.com/dp/B00MWM3WJY","https://m.media-amazon.com/images/I/61qV8P8CVZL._AC_SL1500_.jpg","$199.99","4.7","12,345","52","Premium bathroom accessory, beauty category crossover, gift item","Illuminated ring light around mirror bezel creates premium tech aesthetic | Polished stainless steel finish appears ultra-modern and high-end | Reflected light glow suggests bright, natural lighting benefit | Sleek design shown at angle emphasizes slim profile and adjustability"
"High-CTR","Home & Kitchen","Trash Cans","simplehuman 45 Liter / 12 Gallon Stainless Steel Butterfly Lid Kitchen Step Trash Can","simplehuman","B00CAW6ZMW","https://www.amazon.com/dp/B00CAW6ZMW","https://m.media-amazon.com/images/I/71Zn3EpDNJL._AC_SL1500_.jpg","$149.95","4.7","23,456","48","Premium home organization, kitchen upgrade category, design-focused consumers","Butterfly lid shown in open position demonstrates unique dual-bucket mechanism | Brushed stainless steel finish conveys premium quality and modern design | Inner bucket visible with liner rim shows functional details | Open-state image demonstrates functionality vs closed can that looks generic"
"High-CTR","Home & Kitchen","Blenders","NutriBullet Pro 900W Personal Blender, 5-Piece High-Speed Blender & Smoothie Maker","NutriBullet","B07PQN5Z8V","https://www.amazon.com/dp/B07PQN5Z8V","https://m.media-amazon.com/images/I/61iASmB5ZVL._AC_SL1500_.jpg","$79.99","4.6","89,234","55","Health & fitness trend, smoothie category growth, personal wellness","Vibrant smoothie ingredients (berries, greens) visible in clear cup shows end result | Compact size emphasized by proportions suggests counter space efficiency | Complete 5-piece set laid out shows all included accessories | Food photography element makes image more lifestyle-oriented than appliance-only shots"
"High-CTR","Home & Kitchen","Drawer Organizers","STORi Expandable Kitchen Drawer Organizer | 6-Piece Set with Stackable Bins","STORi","B08LL2WN6P","https://www.amazon.com/dp/B08LL2WN6P","https://m.media-amazon.com/images/I/91u3Nz8UOSL._AC_SL1500_.jpg","$34.99","4.6","34,567","62","Organization trend, kitchen optimization, home improvement category","Clear plastic bins with organized utensils visible shows practical application | Modular pieces arranged to show expandable/customizable configuration options | In-drawer perspective image demonstrates actual use case vs empty bins | Tidy organized aesthetic appeals to home organization enthusiasts"
"High-CTR","Beauty & Personal Care","Face Masks","DERMAFIRM USA Amino Lifting Mask Sheets, 10 Pack, Korean Face Mask, Hydrating Sheet Masks","DERMAFIRM","B0C8WQZVQP","https://www.amazon.com/dp/B0C8WQZVQP","https://m.media-amazon.com/images/I/81qE9Z5WFTL._AC_SL1500_.jpg","$24.99","4.6","8,765","32","K-beauty trending, sheet mask category growth","Luxurious gold packaging creates premium aesthetic and stands out visually | Individual foil packets arranged in fan pattern shows quantity and gift-worthy presentation | Metallic gold color contrasts beautifully against white background | Korean text and design elements signal authentic K-beauty appeal to target audience"
"High-CTR","Beauty & Personal Care","Hair Serum","Mielle Organics Rosemary Mint Scalp & Hair Strengthening Oil, 2 Ounce","Mielle Organics","B07Q3C4KHT","https://www.amazon.com/dp/B07Q3C4KHT","https://m.media-amazon.com/images/I/61lp4L1-EtL._AC_SL1500_.jpg","$9.99","4.5","89,234","28","Viral haircare product, TikTok rosemary oil trend, natural hair care","Rich amber glass bottle with visible oil inside shows product quality | Dropper applicator prominently displayed demonstrates precise application method | Botanical illustration on label (rosemary sprigs) reinforces natural ingredient story | Green and brown earth tones create natural, organic aesthetic that appeals to clean beauty consumers"
"High-CTR","Beauty & Personal Care","Face Wash","La Roche-Posay Toleriane Hydrating Gentle Face Cleanser, Daily Facial Cleanser, 13.5 Fl Oz","La Roche-Posay","B01N7T7JKJ","https://www.amazon.com/dp/B01N7T7JKJ","https://m.media-amazon.com/images/I/61N8I-qp1dL._AC_SL1500_.jpg","$14.99","4.6","45,678","35","French pharmacy skincare, dermatologist-recommended, sensitive skin category","Creamy cleanser texture shown dispensed on clean white surface demonstrates product consistency | Pump bottle with product demonstration adds functional context | Clinical blue and white packaging conveys dermatologist-trusted credibility | Texture swatch makes image more informative than bottle-only shots"
"High-CTR","Beauty & Personal Care","Eye Cream","RoC Multi Correxion 5 in 1 Anti-Aging Moisturizing Eye Cream, 0.5 Oz","RoC","B07ZSW4XL2","https://www.amazon.com/dp/B07ZSW4XL2","https://m.media-amazon.com/images/I/71gL8B9pO2L._AC_SL1500_.jpg","$19.97","4.4","23,456","42","Anti-aging category growth, eye care specialization","Jar shown open with visible cream texture and applicator demonstrates product use | Luxe white cream consistency visible suggests rich, hydrating formula | Gold and purple packaging accents create premium skincare positioning | Open jar perspective invites consumer to imagine application experience"
"High-CTR","Beauty & Personal Care","Makeup Sponges","Real Techniques Miracle Complexion Sponge, Makeup Blending Sponge, Pack of 4","Real Techniques","B01LXLXIUU","https://www.amazon.com/dp/B01LXLXIUU","https://m.media-amazon.com/images/I/71vRYBZ9bxL._AC_SL1500_.jpg","$16.99","4.6","67,890","38","Beauty tools essential, makeup application category, value pack","Vibrant orange sponges create bold visual impact against white background | Four sponges arranged together shows value and quantity | Unique teardrop shape clearly visible demonstrates versatile application angles | Bright color is distinctive vs typical pink beauty sponges, aids brand recognition"
"High-CTR","Beauty & Personal Care","Lip Treatment","Aquaphor Lip Repair, Lip Balm, Immediate Relief, Clinically Proven, 0.35 Fl Oz (Pack of 2)","Aquaphor","B07SXQJ3HZ","https://www.amazon.com/dp/B07SXQJ3HZ","https://m.media-amazon.com/images/I/61jE2pLrM0L._AC_SL1500_.jpg","$6.78","4.7","123,456","25","Lip care essential, dermatologist recommended, multi-pack value","Twin pack shown demonstrates value and backup supply mentality | Tube with flip-top cap shown open suggests ease of use | Clinical blue and white packaging reinforces therapeutic positioning | Small portable size emphasized by proportions suggests on-the-go convenience"
"High-CTR","Beauty & Personal Care","Exfoliators","COSRX Advanced Snail 96 Mucin Power Essence, 3.38 fl.oz / 100ml, Korean Skincare","COSRX","B00PBX3TN6","https://www.amazon.com/dp/B00PBX3TN6","https://m.media-amazon.com/images/I/61SrRBOwdHL._AC_SL1500_.jpg","$25.00","4.5","98,765","45","K-beauty powerhouse, snail mucin trend, Reddit skincare addiction favorite","Clear bottle shows golden essence liquid inside - product visibility builds trust | Dropper applicator shown demonstrates precise serum application | Minimalist K-beauty packaging with clean typography stands out as modern | Product transparency (seeing the actual essence) differentiates from opaque bottles"
"High-CTR","Beauty & Personal Care","Body Scrub","Tree Hut Shea Sugar Scrub Tropical Mango, 18oz, Ultra Hydrating Body Scrub","Tree Hut","B00CMY9HF2","https://www.amazon.com/dp/B00CMY9HF2","https://m.media-amazon.com/images/I/81G3YY8ZVWL._AC_SL1500_.jpg","$9.99","4.7","145,678","31","Body care category growth, affordable luxury, scent variety appeal","Vibrant orange scrub visible through clear jar window shows product texture | Tropical mango fruit illustration on label creates sensory appeal and scent expectation | Large 18oz jar emphasizes value and longevity | Colorful label design with fruit imagery pops on shelf vs clinical skincare packaging"
"High-CTR","Beauty & Personal Care","Deodorant","Native Deodorant, Natural Deodorant for Women and Men, Coconut & Vanilla, 2.65 Oz (Pack of 3)","Native","B07BDBZLNW","https://www.amazon.com/dp/B07BDBZLNW","https://m.media-amazon.com/images/I/71qG2jnM9aL._AC_SL1500_.jpg","$29.97","4.4","89,234","48","Natural deodorant trend, aluminum-free category, subscription model success","Three-pack arrangement emphasizes value and reduces purchase frequency concern | Clean minimalist packaging with pastel colors appeals to natural beauty consumers | Scent name prominently displayed (Coconut & Vanilla) creates sensory anticipation | Simple, modern design differentiates from traditional deodorant clinical look"
"High-CTR","Beauty & Personal Care","Facial Rollers","Jade Roller and Gua Sha Set, Facial Roller and Gua Sha Scraping Massage Tool, Anti-Aging","BAIMEI","B07YWSM8MB","https://www.amazon.com/dp/B07YWSM8MB","https://m.media-amazon.com/images/I/81TL5WK9MmL._AC_SL1500_.jpg","$12.99","4.4","67,890","55","Beauty tools trend, self-care category, gift-worthy presentation","Beautiful natural green jade stone creates luxurious spa aesthetic | Both tools shown together (roller + gua sha) demonstrates complete facial massage set | Elegant gift box visible in image suggests gifting occasion suitability | Natural stone texture and marbling visible adds artisanal quality perception"
"High-CTR","Sports & Outdoors","Camping Hammocks","Wise Owl Outfitters Camping Hammock, Single & Double Portable Hammock, Lightweight Parachute","Wise Owl Outfitters","B01N9RLBZE","https://www.amazon.com/dp/B01N9RLBZE","https://m.media-amazon.com/images/I/81sZHT5DpyL._AC_SL1500_.jpg","$23.99","4.7","89,234","28","Outdoor adventure category, camping gear essential, gift-worthy","Hammock shown hung between trees in natural outdoor setting creates aspirational lifestyle image | Vibrant color options (turquoise, orange, green) pop against forest background | Person relaxing in hammock shows scale and use-case clearly | Lifestyle shot differentiates from generic product-only competitor images"
"High-CTR","Sports & Outdoors","Swimming","Speedo Vanquisher 2.0 Mirrored Swim Goggles, Anti-Fog UV Protection with Cushioned Fit","Speedo","B00AADRKW6","https://www.amazon.com/dp/B00AADRKW6","https://m.media-amazon.com/images/I/61TrQvC3O7L._AC_SL1500_.jpg","$16.99","4.5","45,678","32","Swimming equipment, competitive sports, year-round fitness activity","Reflective mirrored lenses create striking visual with metallic blue/gold coloring | Goggles photographed at angle shows streamlined aerodynamic design | High-gloss finish with mirror coating catches light dramatically | Professional swim equipment aesthetic appeals to serious athletes"
"High-CTR","Sports & Outdoors","Hiking","TETON Sports Scout 3400 Internal Frame Backpack, High-Performance Backpack for Hiking, Camping","TETON Sports","B002MPUR5E","https://www.amazon.com/dp/B002MPUR5E","https://m.media-amazon.com/images/I/81l7KqPTXwL._AC_SL1500_.jpg","$74.99","4.5","34,567","38","Hiking gear, outdoor adventure, backpacking category growth","Backpack shown worn on model against mountain backdrop creates adventure narrative | Rich hunter green color with orange accents stands out in outdoor category | Full pack with gear visible demonstrates capacity and functionality | Outdoor lifestyle context makes product more aspirational than studio shot"
"High-CTR","Sports & Outdoors","Running","Nathan SpeedDraw Plus Insulated Flask 18oz, Handheld Running Water Bottle with Pocket","Nathan","B00DDZW7X4","https://www.amazon.com/dp/B00DDZW7X4","https://m.media-amazon.com/images/I/71XNz5iGFbL._AC_SL1500_.jpg","$29.99","4.6","12,345","42","Running accessories, marathon training, hydration specialization","Shown held in runner's hand demonstrates ergonomic grip design and scale | Bright neon colors (lime green, pink, orange) are highly visible and sporty | Thumb strap and pocket features clearly visible in action shot | In-use perspective helps buyers visualize product during run vs just bottle image"
"High-CTR","Sports & Outdoors","Fishing","Plusinno Fishing Rod and Reel Combo, Carbon Fiber Telescopic Fishing Pole with Reel, Full Kit","Plusinno","B0188FGYQS","https://www.amazon.com/dp/B0188FGYQS","https://m.media-amazon.com/images/I/91CZxQF5DzL._AC_SL1500_.jpg","$39.99","4.4","56,789","35","Fishing beginner kit, complete set appeal, outdoor recreation growth","Complete kit with all accessories displayed shows tremendous value and convenience | Organized arrangement in carrying case demonstrates portability and organization | Multiple lures, hooks, and tools visible suggests ready-to-fish completeness | Full kit display differentiates from competitors showing only rod/reel"
"High-CTR","Sports & Outdoors","Boxing","Everlast Pro Style Training Gloves, Boxing Gloves for Heavy Bag Workouts, 12 oz, Red","Everlast","B00LUC1WXE","https://www.amazon.com/dp/B00LUC1WXE","https://m.media-amazon.com/images/I/81rFHt5TWFL._AC_SL1500_.jpg","$29.99","4.5","78,901","48","Boxing fitness trend, home gym equipment, combat sports category","Iconic Everlast red leather creates strong brand recognition and boxing authenticity | Gloves shown in fighting stance position suggests action and athleticism | Premium leather texture and stitching detail visible conveys quality | Dynamic positioning makes product look powerful vs flat lay shots"
"High-CTR","Sports & Outdoors","Kayaking","Intex Challenger K1 Kayak, 1-Person Inflatable Kayak Set with Aluminum Oars and Hand Pump","Intex","B00177J4JS","https://www.amazon.com/dp/B00177J4JS","https://m.media-amazon.com/images/I/81Z4n7bfMJL._AC_SL1500_.jpg","$89.99","4.3","34,567","52","Water sports, summer recreation, affordable entry to kayaking","Kayak shown on water with paddler creates authentic use-case and lifestyle appeal | Bright lime green color pops against blue water background | Person in kayak provides scale and demonstrates single-person capacity | On-water action shot is far more engaging than deflated product or studio image"
"High-CTR","Sports & Outdoors","Soccer","Adidas Tango Rosario Soccer Ball, Durable Machine-Stitched Ball, Size 5, White/Black","Adidas","B07G59XNZC","https://www.amazon.com/dp/B07G59XNZC","https://m.media-amazon.com/images/I/81WxVGh-ycL._AC_SL1500_.jpg","$16.99","4.6","45,678","45","Soccer equipment, youth sports, team sports essential","Classic black and white Adidas pattern is iconic and instantly recognizable | Ball shown with grass texture in background suggests outdoor play | Premium Adidas branding prominently displayed builds trust | Slight motion blur effect suggests ball in play rather than static product shot"
"High-CTR","Sports & Outdoors","Climbing","Petzl Corax Climbing Harness, Comfortable and Versatile Harness for Rock Climbing","Petzl","B07DLVP8WL","https://www.amazon.com/dp/B07DLVP8WL","https://m.media-amazon.com/images/I/71hN+W3V0WL._AC_SL1500_.jpg","$69.95","4.7","12,345","58","Climbing category growth, technical gear, outdoor adventure segment","Harness shown worn on climber on rock face demonstrates real-world application | Technical gear features (carabiners, loops, adjusters) clearly visible | Action context shows safety and performance in authentic climbing environment | Orange/black color scheme stands out and signals safety equipment"
"High-CTR","Sports & Outdoors","Tennis","Wilson Tour Slam Lite Tennis Racket, Recreational Racquet for Beginners, 27 Inch","Wilson","B0B7KD3M4J","https://www.amazon.com/dp/B0B7KD3M4J","https://m.media-amazon.com/images/I/71-H7H4gWSL._AC_SL1500_.jpg","$39.99","4.5","23,456","62","Tennis equipment, beginner sports, recreational fitness","Vibrant lime green and black color scheme creates modern sporty aesthetic | Racket shown at dynamic angle suggests motion and performance | Wilson branding prominently displayed establishes quality and trust | String pattern and grip detail visible demonstrates construction quality"
"High-CTR","Toys & Games","Building Toys","LEGO Botanicals Bouquet of Roses Building Kit, Home Decor Set for Adults, 40460","LEGO","B09JQFWZL3","https://www.amazon.com/dp/B09JQFWZL3","https://m.media-amazon.com/images/I/81QR5YJLQSL._AC_SL1500_.jpg","$59.99","4.9","34,567","28","LEGO adult builders trend, home decor crossover, gift category","Stunning red roses shown in elegant vase creates aspirational home decor aesthetic | Completed build demonstrates beautiful end result vs just showing bricks | Adult LEGO positioning differentiates from kids' toys with sophisticated styling | Photo-realistic flower appearance showcases LEGO's design capabilities"
"High-CTR","Toys & Games","Board Games","What Do You Meme? Core Game - Adult Party Game, Compete with Friends and Family, Ages 17+","What Do You Meme","B01MRY2X1B","https://www.amazon.com/dp/B01MRY2X1B","https://m.media-amazon.com/images/I/91z8TqPSFfL._AC_SL1500_.jpg","$29.99","4.6","89,234","32","Adult party games trend, social media tie-in, viral game category","Colorful meme cards displayed shows humorous gameplay and social media relevance | Bold pink packaging stands out in sea of traditional board game boxes | Sample cards visible demonstrate funny content and adult humor appeal | Modern design aesthetic appeals to millennial/Gen-Z buyers vs traditional games"
"High-CTR","Toys & Games","RC Vehicles","Holy Stone HS720E 4K EIS Drone with UHD Camera for Adults, GPS Return Home, Brushless Motor","Holy Stone","B09MRDLPVJ","https://www.amazon.com/dp/B09MRDLPVJ","https://m.media-amazon.com/images/I/71qH8wQUO9L._AC_SL1500_.jpg","$299.99","4.5","12,345","38","Drone category growth, aerial photography, tech toys for adults","Sleek black drone photographed in flight against sky creates action and excitement | High-tech aesthetic with visible camera and motors showcases features | Aerial perspective image suggests the drone's capabilities | Premium tech toy positioning with sophisticated industrial design"
"High-CTR","Toys & Games","Play-Doh","Play-Doh Modeling Compound 36-Pack Case of Colors, Non-Toxic, Multi-Color, 3-Ounce Cans","Play-Doh","B00JM5GW10","https://www.amazon.com/dp/B00JM5GW10","https://m.media-amazon.com/images/I/91fHbUJR3SL._AC_SL1500_.jpg","$19.99","4.8","123,456","25","Classic creative play, value pack, sensory play category","Rainbow of 36 vibrant Play-Doh colors arranged in grid creates visual feast | Colorful cans demonstrate variety and creative possibilities | Bulk pack value immediately apparent from quantity shown | Nostalgic brand with modern color palette appeals to parents and kids"
"High-CTR","Toys & Games","Science Kits","National Geographic Mega Gemstone Dig Kit, Excavate 15 Real Gems, STEM Science Kit","National Geographic","B07N2NQQYD","https://www.amazon.com/dp/B07N2NQQYD","https://m.media-amazon.com/images/I/91dKZ2oaVPL._AC_SL1500_.jpg","$29.99","4.6","45,678","42","Educational toys, hands-on science, National Geographic brand trust","Colorful excavated gemstones displayed prominently shows exciting discoveries | Dig brick and tools shown together demonstrates complete activity | Sparkling gems create treasure-hunting excitement and visual appeal | National Geographic branding adds educational credibility and quality perception"
"High-CTR","Toys & Games","Action Figures","LEGO Marvel Spider-Man The Menace of Mysterio Building Kit, 76149","LEGO","B083JWZNW7","https://www.amazon.com/dp/B083JWZNW7","https://m.media-amazon.com/images/I/91mCJNLkDxL._AC_SL1500_.jpg","$19.99","4.8","23,456","35","Marvel licensing, superhero category, LEGO + Marvel crossover appeal","Dynamic action scene with Spider-Man in mid-web-swing creates excitement | Bright red and blue Spider-Man colors pop against detailed backdrop | Completed build shows play value with multiple minifigures and features | Marvel branding immediately recognizable to superhero fans"
"High-CTR","Toys & Games","Outdoor Play","JOYIN 2 Pack Bubble Wands, Giant Bubble Wand Set for Kids, Outdoor Summer Toys","JOYIN","B08CXVWBCS","https://www.amazon.com/dp/B08CXVWBCS","https://m.media-amazon.com/images/I/81kF9MhQQQL._AC_SL1500_.jpg","$15.99","4.5","67,890","48","Outdoor summer toys, active play, affordable entertainment","Giant colorful bubbles shown in outdoor setting creates magical play experience | Kids visible playing with bubbles demonstrates fun and engagement | Vibrant rainbow bubble colors and sunshine create joyful summer aesthetic | Action shot of bubbles floating is more engaging than just showing wand"
"High-CTR","Toys & Games","Educational Toys","Melissa & Doug Wooden Building Blocks Set, 100 Blocks in 4 Colors and 9 Shapes","Melissa & Doug","B00005RF5C","https://www.amazon.com/dp/B00005RF5C","https://m.media-amazon.com/images/I/91pXFUP1rJL._AC_SL1500_.jpg","$22.99","4.8","89,234","52","Classic developmental toy, Montessori appeal, quality wooden toys","Colorful wooden blocks arranged in creative tower shows building possibilities | Natural wood finish with primary color accents creates quality, timeless aesthetic | Variety of shapes displayed demonstrates creative play potential | Warm wood tones appeal to parents seeking non-plastic toy alternatives"
"High-CTR","Toys & Games","Pretend Play","KidKraft Ultimate Corner Play Kitchen with Lights & Sounds, White, Gift for Ages 3+","KidKraft","B00IWKSD8U","https://www.amazon.com/dp/B00IWKSD8U","https://m.media-amazon.com/images/I/91J7gX5EZCL._AC_SL1500_.jpg","$129.99","4.6","12,345","58","Pretend play essential, premium playset category, holiday gift item","Fully equipped white kitchen shown from corner angle displays all features and accessories | Modern realistic design mimics real kitchen appliances appeals to kids | Accessories like pots, pans, phone add play value visible in image | Clean white finish with modern hardware looks like real furniture, appeals to parents"
"High-CTR","Toys & Games","Trading Cards","Pokemon Trading Card Game: Scarlet & Violet Booster Box, 36 Packs","Pokemon","B0BRWG8QKP","https://www.amazon.com/dp/B0BRWG8QKP","https://m.media-amazon.com/images/I/81T7YD6hOUL._AC_SL1500_.jpg","$139.99","4.9","8,765","45","Pokemon evergreen brand, collectible trading card boom, unboxing content","Vibrant purple box with legendary Pokemon artwork creates collector appeal | Premium packaging suggests valuable collectible contents | 36 booster packs visible or noted creates anticipation and value perception | Legendary Pokemon characters prominently featured drive nostalgia and excitement"
"High-CTR","Clothing & Apparel","Women's Dresses","PRETTYGARDEN Women's Summer Wrap Maxi Dress Casual Boho Floral V Neck","PRETTYGARDEN","B0CX4RTMM3","https://www.amazon.com/dp/B0CX4RTMM3","https://m.media-amazon.com/images/I/71c9MBNT7vL._AC_SL1500_.jpg","$39.99","4.3","5,891","#12 in Women's Dresses","Strong visual appeal with flowing fabric creating dynamic silhouette","Flowing fabric creates eye-catching movement even in still photo | Rich color pattern stands out against white background at thumbnail size | Full-body on-model shot shows drape and fit immediately | V-neck and wrap design create visual focal point"
"High-CTR","Clothing & Apparel","Men's Athletic Shorts","Champion Men's Cotton Jersey 9"" Short with Pockets","Champion","B003WYZB8S","https://www.amazon.com/dp/B003WYZB8S","https://m.media-amazon.com/images/I/71Ub9VnJE8L._AC_SL1500_.jpg","$16.00","4.5","89,234","#3 in Men's Workout Shorts","Clean product shot with iconic Champion C logo visible at thumbnail","Bold Champion logo creates instant brand recognition at small sizes | Clean flat-lay with sharp fabric texture visible | High contrast dark short against white background | Simple product fills frame without clutter"
"High-CTR","Clothing & Apparel","Women's Sneakers","Adidas Women's Cloudfoam Pure 2.0 Running Shoes","Adidas","B0B6GKZQKQ","https://www.amazon.com/dp/B0B6GKZQKQ","https://m.media-amazon.com/images/I/71LsXJZaYUL._AC_SL1500_.jpg","$54.95","4.5","34,567","#5 in Women's Running Shoes","Dynamic angle with 3-stripe branding creates strong thumbnail presence","Side profile angle shows full shoe silhouette at a glance | Adidas 3-stripe branding immediately recognizable even at 150px | Soft shadow gives dimensionality without cluttering background | Color blocking in the sole creates visual depth"
"High-CTR","Clothing & Apparel","Women's Activewear Sets","OQQ Women's 2 Piece Seamless Ribbed Workout Sets","OQQ","B0C98VMHKM","https://www.amazon.com/dp/B0C98VMHKM","https://m.media-amazon.com/images/I/61kB7YnNBvL._AC_SL1500_.jpg","$35.99","4.3","14,230","#1 in Women's Workout Sets","Two-piece set shown together communicates bundle value instantly","Set displayed together shows complete outfit in one image | Ghost mannequin creates 3D silhouette with no model distraction | Ribbed texture catches light creating visual depth | Cropped top + high-waist creates defined visual sections"
"High-CTR","Clothing & Apparel","Men's Graphic Tees","Gildan Men's Heavy Cotton T-Shirt, Style G5000, Multipack","Gildan","B07HGZYLN7","https://www.amazon.com/dp/B07HGZYLN7","https://m.media-amazon.com/images/I/61fB4TVAqVL._AC_SL1500_.jpg","$19.99","4.6","202,345","#1 in Men's T-Shirts","Multi-color fanned display creates visual richness at thumbnail","Multiple colors fanned out creates rainbow-like visual impact | Quantity visible at a glance communicates value proposition | Crisp fold lines suggest quality and new product feel | Color variety draws eye versus single-color competitors"
"High-CTR","Clothing & Apparel","Women's Jackets","The North Face Women's ThermoBall Eco Jacket 2.0","The North Face","B09DP5NYNZ","https://www.amazon.com/dp/B09DP5NYNZ","https://m.media-amazon.com/images/I/71tl-VFML7L._AC_SL1500_.jpg","$180.00","4.7","8,234","#8 in Women's Down Jackets","Iconic quilted pattern creates distinctive texture at thumbnail size","Quilted circular baffles create unique geometric pattern | Ghost mannequin shows puffy 3D volume suggesting warmth | TNF logo visible even at small sizes for brand trust | Rich color saturation against white background pops"
"High-CTR","Clothing & Apparel","Men's Underwear","Fruit of the Loom Men's Coolzone Boxer Briefs, 7 Pack","Fruit of the Loom","B07BQN8XBJ","https://www.amazon.com/dp/B07BQN8XBJ","https://m.media-amazon.com/images/I/91I-1VfFHgL._AC_SL1500_.jpg","$18.98","4.5","145,678","#1 in Men's Boxer Briefs","7-pack array creates visual mass and value perception","7 items arranged in organized grid communicates premium value | Color variety in waistbands creates visual interest | Each pair shown at consistent angle for professional appearance | Pack count instantly readable as high-value purchase"
"High-CTR","Clothing & Apparel","Women's Swimwear","Blooming Jelly Women's One Piece Swimsuit Tummy Control Bathing Suit","Blooming Jelly","B09RN16S2Z","https://www.amazon.com/dp/B09RN16S2Z","https://m.media-amazon.com/images/I/71Ah9-2yqSL._AC_SL1500_.jpg","$32.99","4.3","19,876","#3 in Women's One-Piece Swimsuits","Ruched detail creates visual texture that photographs well","Ruching and mesh details create visible texture at thumbnail | Tummy control shaping visible through silhouette shape | Bold solid color stands out vs pattern-heavy competitors | Cutout design adds visual intrigue while remaining tasteful"
"High-CTR","Clothing & Apparel","Women's Winter Accessories","C.C BeanieTail Messy High Bun Ponytail Beanie Knit Hat","C.C","B07B44X5LM","https://www.amazon.com/dp/B07B44X5LM","https://m.media-amazon.com/images/I/81rLYbQD06L._AC_SL1500_.jpg","$11.99","4.5","52,345","#2 in Women's Beanies","Unique ponytail hole design differentiates visually from standard beanies","Open-top design is visually distinctive and communicates USP instantly | Cable knit texture creates rich visual detail | Product fills frame well with clear shape readable at small size | Warm-toned color creates inviting seasonal feeling"
"High-CTR","Clothing & Apparel","Men's Dress Shirts","Amazon Essentials Men's Regular-Fit Long-Sleeve Dress Shirt","Amazon Essentials","B0775YV2WR","https://www.amazon.com/dp/B0775YV2WR","https://m.media-amazon.com/images/I/81eUpJfKBuL._AC_SL1500_.jpg","$22.10","4.3","67,890","#1 in Men's Dress Shirts","Perfectly pressed ghost mannequin shot shows tailored fit clearly","Ghost mannequin creates crisp 3D shape suggesting quality tailoring | Collar and button detail visible even at thumbnail size | Clean solid color with subtle sheen communicates premium feel | Sleeve folded to show cuff detail adds visual interest"
"High-CTR","Food & Grocery","Chocolate","Lindt LINDOR Assorted Chocolate Truffles, 21.2 oz Bag","Lindt","B002RBWIO8","https://www.amazon.com/dp/B002RBWIO8","https://m.media-amazon.com/images/I/81HxSTOXq6L._AC_SL1500_.jpg","$18.99","4.7","42,345","#2 in Chocolate Truffles","Premium packaging with gold foil visible at thumbnail creates luxury perception","Gold Lindt branding on bag signals premium quality instantly | Multiple truffle colors (gold, red, blue, brown) visible through packaging | Rich jewel-tone bag color stands out against white background | Bag shape and size communicate generous portion"
"High-CTR","Food & Grocery","Coffee Beans","Lavazza Super Crema Whole Bean Coffee Blend, Medium Espresso Roast, 2.2 lb Bag","Lavazza","B000SDKDM4","https://www.amazon.com/dp/B000SDKDM4","https://m.media-amazon.com/images/I/71bW+aE4tWL._AC_SL1500_.jpg","$18.78","4.6","67,890","#1 in Whole Bean Coffee","Italian heritage branding with distinctive blue/gold package design","Bold blue and gold Italian-style packaging is instantly recognizable | Clean cylindrical bag shape creates strong silhouette at thumbnail | Premium European branding differentiates from domestic competitors | Large size bag communicates value proposition"
"High-CTR","Food & Grocery","Snack Mixes","Wonderful Pistachios No Shells, Roasted & Salted, 24 Ounce Resealable Bag","Wonderful","B07NLKLQLX","https://www.amazon.com/dp/B07NLKLQLX","https://m.media-amazon.com/images/I/71A0cBRHNgL._AC_SL1500_.jpg","$16.98","4.7","34,567","#1 in Pistachio Snacks","Vibrant green packaging with visible product window creates appetite appeal","Bright green packaging pops against white background at any size | Clear window showing actual pistachios builds trust and appetite appeal | Clean brand design with bold 'Wonderful' lettering readable at thumbnail | Resealable bag shape communicates practical value"
"High-CTR","Food & Grocery","Energy Drinks","Monster Energy Original, Green, 16 Fl Oz (Pack of 15)","Monster Energy","B0090V6MXI","https://www.amazon.com/dp/B0090V6MXI","https://m.media-amazon.com/images/I/71BqkX0YOAL._AC_SL1500_.jpg","$22.98","4.8","89,234","#3 in Energy Drinks","Iconic neon green claw design is one of the most recognizable thumbnails in grocery","Neon green Monster claw logo on black can is unmistakable at any size | High contrast black/green creates maximum thumbnail pop | 15-pack grid display emphasizes bulk value | Brand recognition alone drives click-through"
"High-CTR","Food & Grocery","Hot Sauce","Cholula Original Hot Sauce, 12 fl oz","Cholula","B000FIAVLM","https://www.amazon.com/dp/B000FIAVLM","https://m.media-amazon.com/images/I/71ppCnN-z7L._AC_SL1500_.jpg","$4.49","4.8","56,789","#2 in Hot Sauce","Distinctive wooden cap creates unique bottle silhouette","Round wooden cap creates completely unique bottle shape in category | Warm red/orange label color communicates product type instantly | Compact shape fills frame well at thumbnail size | Heritage brand design differentiates from modern competitors"
"High-CTR","Food & Grocery","Protein Powder","Optimum Nutrition Gold Standard 100% Whey Protein Powder, Double Rich Chocolate, 5 Pound","Optimum Nutrition","B000QSNYGI","https://www.amazon.com/dp/B000QSNYGI","https://m.media-amazon.com/images/I/71+7stFYJjL._AC_SL1500_.jpg","$62.99","4.6","123,456","#1 in Protein Powder","Gold Standard is the most recognizable protein container shape on Amazon","Iconic gold label on dark container is instantly recognizable | Large 5lb container size fills frame with premium impression | Gold Standard text readable even at small thumbnail | Distinctive rounded jug shape differentiates from bag-format competitors"
"High-CTR","Food & Grocery","Cereal","Cheerios Heart Healthy Cereal, Gluten Free Cereal with Whole Grain Oats, 18 OZ Family Size","General Mills","B00UK5ME3A","https://www.amazon.com/dp/B00UK5ME3A","https://m.media-amazon.com/images/I/81ELI7DOe5L._AC_SL1500_.jpg","$5.48","4.8","34,567","#1 in Cold Cereals","Iconic yellow box is one of the most recognized food products in America","Bright yellow box creates maximum contrast on white background | Heart-shaped Cheerios visible on packaging communicate health benefit | Iconic brand recognition drives click-through | Family Size callout visible at thumbnail signals value"
"High-CTR","Food & Grocery","Vitamins","SmartyPants Kids Formula Daily Gummy Multivitamin, 120 Count","SmartyPants","B00FGHBJY8","https://www.amazon.com/dp/B00FGHBJY8","https://m.media-amazon.com/images/I/71Q9SxGF5NL._AC_SL1500_.jpg","$16.99","4.6","45,678","#1 in Children's Vitamins","Bright multi-color bottle design with playful branding stands out","Colorful rainbow-stripe bottle design grabs attention | Playful typography communicates kids' product instantly | Clean white bottle background allows color pops to shine | Compact bottle shape fills frame efficiently"
"High-CTR","Food & Grocery","Condiments","Kikkoman Soy Sauce, 20 Fl Oz","Kikkoman","B0005ZOYZK","https://www.amazon.com/dp/B0005ZOYZK","https://m.media-amazon.com/images/I/71BqxJBNZYL._AC_SL1500_.jpg","$4.39","4.8","23,456","#1 in Soy Sauce","Iconic red-topped bottle shape is universally recognized","Distinctive red dispensing cap creates unique silhouette | Dark amber liquid visible through clear bottle adds depth | Iconic Japanese-style label design readable at small size | Clean vertical bottle shape fills frame efficiently"
"High-CTR","Food & Grocery","Baking","Ghirardelli Premium Baking Chips, 60% Cacao Bittersweet Chocolate, 20 oz Bag","Ghirardelli","B00JZXQ1VQ","https://www.amazon.com/dp/B00JZXQ1VQ","https://m.media-amazon.com/images/I/81DRo6vmM4L._AC_SL1500_.jpg","$9.98","4.8","15,678","#1 in Baking Chips","Premium dark packaging with gold accents signals quality chocolate","Deep maroon/chocolate brown packaging exudes premium feel | Gold Ghirardelli script creates luxury brand signal | Chocolate chip photography on bag triggers appetite response | Rich dark color scheme stands out vs typical bright grocery packaging"
"High-CTR","Pet Supplies","Dog Beds","Bedsure Orthopedic Dog Bed for Large Dogs, Bolster Dog Beds, Washable","Bedsure","B09GFR8KQN","https://www.amazon.com/dp/B09GFR8KQN","https://m.media-amazon.com/images/I/81RFh3yQ5FL._AC_SL1500_.jpg","$39.99","4.5","78,234","#1 in Dog Beds","Plush bolster shape with inviting texture creates strong visual appeal","Rounded bolster shape creates cozy, inviting silhouette at thumbnail | Soft fabric texture clearly visible suggesting comfort quality | Gray/neutral color photographs well against white background | Large visible size communicates value for money"
"High-CTR","Pet Supplies","Cat Trees","FEANDREA Cat Tree, Multi-Level Cat Tower, 56.3-Inch, Smoky Gray","FEANDREA","B08GS2RJZ4","https://www.amazon.com/dp/B08GS2RJZ4","https://m.media-amazon.com/images/I/71h5sO6elyL._AC_SL1500_.jpg","$59.99","4.6","34,567","#1 in Cat Trees","Tall multi-level structure creates dramatic vertical silhouette","Tall vertical shape dominates thumbnail with impressive scale | Multiple platforms and cubbies visible show feature richness | Soft plush textures and sisal-wrapped posts clearly distinguishable | Neutral gray color with white accents photographs cleanly"
"High-CTR","Pet Supplies","Dog Harness","Rabbitgoo Dog Harness, No-Pull Pet Harness with 2 Leash Clips, Adjustable","Rabbitgoo","B081FP7X5W","https://www.amazon.com/dp/B081FP7X5W","https://m.media-amazon.com/images/I/71t7YR+z+hL._AC_SL1500_.jpg","$16.99","4.5","112,345","#1 in Dog Harnesses","Harness displayed 3D on invisible form shows structure clearly","3D display shows harness shape and construction at a glance | Bold color (orange/black) creates strong contrast | Visible buckles and straps communicate quality hardware | Clean product-only shot with no distracting props"
"High-CTR","Pet Supplies","Automatic Feeders","PETLIBRO Automatic Cat Feeder, 5G WiFi Pet Feeder with APP Control, 4L","PETLIBRO","B0BFYMTQJ5","https://www.amazon.com/dp/B0BFYMTQJ5","https://m.media-amazon.com/images/I/71s0DNkZ1PL._AC_SL1500_.jpg","$49.99","4.4","23,456","#1 in Automatic Cat Feeders","Modern tech-forward design creates curiosity and differentiation","Sleek modern design looks like a smart home device, not typical pet product | Clean white/gray color scheme communicates premium tech | Transparent lid showing kibble inside adds visual interest | Compact cylindrical shape is distinctive in category"
"High-CTR","Pet Supplies","Fish Tanks","Fluval Flex Aquarium Kit, 15 Gallon, Black","Fluval","B01N7LPE6A","https://www.amazon.com/dp/B01N7LPE6A","https://m.media-amazon.com/images/I/71tl+LfYB9L._AC_SL1500_.jpg","$129.99","4.4","8,234","#1 in Glass Aquariums","Curved glass front creates unique visual vs rectangular competitors","Distinctive curved front glass panel stands out in search results | Internal LED lighting creates an eye-catching glow effect in photo | Modern minimalist design communicates premium positioning | Compact all-in-one form factor visible at thumbnail"
"High-CTR","Pet Supplies","Dog Grooming","Furminator Undercoat Deshedding Tool for Dogs, Large","Furminator","B0040QQ07C","https://www.amazon.com/dp/B0040QQ07C","https://m.media-amazon.com/images/I/71rLp2R1LzL._AC_SL1500_.jpg","$32.99","4.6","89,234","#1 in Dog Deshedding Tools","Distinctive blue/yellow color scheme is instantly recognizable","Bold blue handle with yellow accent creates striking color contrast | Stainless steel edge catches light creating visual sparkle | Ergonomic handle shape communicates comfortable use | Unique tool silhouette unlike any other grooming product"
"High-CTR","Pet Supplies","Bird Supplies","Prevue Hendryx Pet Products Wrought Iron Flight Cage, Black Hammertone","Prevue Hendryx","B000QFMYWQ","https://www.amazon.com/dp/B000QFMYWQ","https://m.media-amazon.com/images/I/71YjVfC7+bL._AC_SL1500_.jpg","$109.99","4.4","12,345","#1 in Bird Cages","Large cage creates imposing vertical silhouette","Tall vertical shape dominates thumbnail creating scale impression | Open wire design allows viewer to see through and assess interior | Stand and cage together show complete setup at a glance | Dark hammertone finish creates clean contrast on white background"
"High-CTR","Pet Supplies","Dog Leashes","TUG 360° Tangle-Free Retractable Dog Leash, 16ft Strong Nylon Tape, One-Handed Brake","TUG","B00XQNK3QQ","https://www.amazon.com/dp/B00XQNK3QQ","https://m.media-amazon.com/images/I/71qLFI7N+KL._AC_SL1500_.jpg","$14.97","4.4","67,890","#1 in Retractable Dog Leashes","Ergonomic handle shape creates distinctive product silhouette","Ergonomic handle creates unique curved silhouette recognizable as leash | Bold color options (green, blue, red) pop at thumbnail size | Rubberized grip texture visible even at small sizes | Compact rounded shape fills frame efficiently"
"High-CTR","Pet Supplies","Dog Bowls","YETI Boomer 8 Dog Bowl, Stainless Steel, 8 Cups, Seafoam","YETI","B0874Y4F3C","https://www.amazon.com/dp/B0874Y4F3C","https://m.media-amazon.com/images/I/71nh0pW8dML._AC_SL1500_.jpg","$50.00","4.8","9,876","#3 in Dog Bowls","YETI branding and premium finish create aspirational appeal","Seafoam color is unusual and eye-catching in a category of silver/basic bowls | YETI brand name visible on bowl signals premium quality | Double-wall stainless steel construction visible in photo | Clean circular shape with matte finish catches light beautifully"
"High-CTR","Pet Supplies","Cat Toys","PetDroid Interactive Cat Toys, Automatic Cat Laser Toy with Random Moving","PetDroid","B0BRGBPFN9","https://www.amazon.com/dp/B0BRGBPFN9","https://m.media-amazon.com/images/I/71GqlDqB5GL._AC_SL1500_.jpg","$19.99","4.3","15,678","#2 in Interactive Cat Toys","Futuristic round design creates curiosity at thumbnail","UFO-like round shape is unique and creates immediate curiosity | Sleek white tech-forward design stands out from typical plush toys | LED indicator visible in image suggests smart functionality | Compact circular shape creates clean thumbnail silhouette"
"High-CTR","Health & Household","Vitamins","NatureWise Vitamin D3 5000iu (125 mcg), Bone Health, Immune Support, 360 Count","NatureWise","B00GB85JR4","https://www.amazon.com/dp/B00GB85JR4","https://m.media-amazon.com/images/I/71bU5pCRtML._AC_SL1500_.jpg","$14.36","4.7","145,234","#1 in Vitamin D Supplements","Clean green bottle with prominent D3 dosage creates trustworthy supplement look","Bright green bottle stands out in a sea of white/clear supplement containers | Large 5000iu dosage prominently displayed is readable at thumbnail | Clean modern label design communicates quality | 360 count prominently shown communicates exceptional value"
"High-CTR","Health & Household","Pain Relief","TheraICE Migraine Relief Cap, Hot & Cold Therapy Hat","TheraICE","B086S8F71S","https://www.amazon.com/dp/B086S8F71S","https://m.media-amazon.com/images/I/61hAr+WNChL._AC_SL1500_.jpg","$29.99","4.4","34,567","#1 in Cold Therapy Packs","Unique product shape creates instant curiosity and differentiation","Unusual hat/cap shape is unlike any other health product at thumbnail | Purple color is distinctive in health category dominated by white/blue | Soft fabric texture visible suggests comfort | Product shape immediately communicates what it does"
"High-CTR","Health & Household","Heating Pads","Deepsoon Heating Pad for Neck and Shoulders, Weighted, 2lb, 14""x22""","Deepsoon","B0CFXYYB1N","https://www.amazon.com/dp/B0CFXYYB1N","https://m.media-amazon.com/images/I/71hy7+Tq8qL._AC_SL1500_.jpg","$29.99","4.5","23,456","#1 in Heating Pads","Draped contoured shape communicates ergonomic design instantly","Contoured neck/shoulder shape shows exact fit area at a glance | Plush texture visible in image suggests warmth and comfort | Dark color creates strong contrast on white background | Unique horseshoe shape stands out from flat rectangular competitors"
"High-CTR","Health & Household","First Aid","Band-Aid Brand Flexible Fabric Adhesive Bandages, 100 Count","Band-Aid","B00006IDL3","https://www.amazon.com/dp/B00006IDL3","https://m.media-amazon.com/images/I/81gCX+4MXOL._AC_SL1500_.jpg","$7.97","4.8","89,234","#1 in Bandages","Iconic red packaging is one of the most recognized health products","Bold red tin/box creates maximum contrast on white background | Band-Aid brand name is universally recognized at any size | 100 count visible on packaging communicates value | Johnson & Johnson trust badge visible on packaging"
"High-CTR","Health & Household","Dental Care","Waterpik Aquarius Water Flosser Professional, WP-660, White","Waterpik","B00HFQQ0VU","https://www.amazon.com/dp/B00HFQQ0VU","https://m.media-amazon.com/images/I/71VHRLZXz3L._AC_SL1500_.jpg","$69.99","4.6","112,345","#1 in Water Dental Flossers","Distinctive appliance shape with water reservoir creates unique silhouette","Tall vertical shape with handle creates unique product silhouette | White/chrome design communicates premium dental appliance | Water reservoir visible showing functionality | Professional look differentiates from basic dental products"
"High-CTR","Health & Household","Cleaning Supplies","Mrs. Meyer's Clean Day Multi-Surface Cleaner Spray, Lemon Verbena, 16 fl oz (Pack of 3)","Mrs. Meyer's","B01MXCO76Q","https://www.amazon.com/dp/B01MXCO76Q","https://m.media-amazon.com/images/I/71dJ+T8HJKL._AC_SL1500_.jpg","$11.97","4.7","56,789","#1 in All-Purpose Cleaners","Three-pack arrangement with distinctive farmhouse-style labels creates visual richness","Three bottles arranged together show value proposition immediately | Vintage-style label design differentiates from corporate cleaning brands | Yellow/green color scheme communicates fresh lemon scent | Clean glass-look bottles suggest premium vs plastic competitors"
"High-CTR","Health & Household","Supplements","Pure Encapsulations Magnesium (Glycinate) 120mg, 180 Capsules","Pure Encapsulations","B0017HYB4M","https://www.amazon.com/dp/B0017HYB4M","https://m.media-amazon.com/images/I/61lFVK3YCFL._AC_SL1500_.jpg","$38.50","4.7","67,890","#1 in Magnesium Supplements","Premium minimalist bottle design signals clinical-grade quality","Clean white minimalist bottle stands out vs cluttered supplement labels | Premium pharmaceutical-grade aesthetic builds trust | Simple typography readable at small sizes | White and blue color scheme communicates purity and science"
"High-CTR","Health & Household","Laundry","Tide PODS Laundry Detergent Soap Pods, Spring Meadow, 81 Count","Tide","B074WBHNY6","https://www.amazon.com/dp/B074WBHNY6","https://m.media-amazon.com/images/I/81nDsF+8GXL._AC_SL1500_.jpg","$24.94","4.8","178,234","#1 in Laundry Pods","Iconic orange Tide container is one of the most recognized brands in household","Vibrant orange container creates maximum visual impact | Tide bullseye logo immediately recognizable at any size | Large 81-count visible on label signals value | Rounded tub shape is distinctive from boxes and bottles"
"High-CTR","Health & Household","Air Fresheners","Febreze Air Freshener Spray, Gain Original, 8.8 Oz (Pack of 2)","Febreze","B071K3DD7N","https://www.amazon.com/dp/B071K3DD7N","https://m.media-amazon.com/images/I/71aJLiQYQiL._AC_SL1500_.jpg","$7.28","4.8","45,678","#1 in Air Fresheners","Dual-pack display with bold blue branding creates strong shelf presence","Two cans side-by-side communicate multi-pack value | Bold blue Febreze branding pops against white background | Aerosol can shape instantly communicates product function | Gain crossover branding adds recognizable green accent"
"High-CTR","Health & Household","Eye Care","Systane Ultra Lubricant Eye Drops, 10 mL (Twin Pack)","Systane","B074PBR18K","https://www.amazon.com/dp/B074PBR18K","https://m.media-amazon.com/images/I/71Q3W-kzPTL._AC_SL1500_.jpg","$17.97","4.7","23,456","#1 in Eye Drops","Twin pack with clear blue branding communicates pharmacy-grade trust","Twin bottles create a wider visual footprint than single-bottle competitors | Blue clinical branding communicates doctor-recommended product | Eye drop bottles are universally recognized shape | Clean packaging with visible dosage information builds trust"
"High-CTR","Baby Products","Baby Carrier","Ergobaby Omni 360 Cool Air Mesh Baby Carrier, Pearl Grey","Ergobaby","B07C2GJNT7","https://www.amazon.com/dp/B07C2GJNT7","https://m.media-amazon.com/images/I/71rYqBp1SoL._AC_SL1500_.jpg","$149.99","4.6","12,345","#1 in Baby Carriers","Complex structure shown flat creates intriguing visual at thumbnail","Multiple straps and buckles visible communicate adjustability | Mesh material texture shows breathability feature | Premium gray fabric photographs cleanly against white | Unique spread-out display shows full product scope"
"High-CTR","Baby Products","High Chairs","Graco Blossom 6-in-1 Convertible High Chair, Studio","Graco","B016NJNLNQ","https://www.amazon.com/dp/B016NJNLNQ","https://m.media-amazon.com/images/I/71Xmt1aasSL._AC_SL1500_.jpg","$159.99","4.6","23,456","#1 in High Chairs","Multi-configuration high chair with substantial visual presence","Tall vertical product creates dominant thumbnail presence | Multiple visible features (tray, wheels, cushion) show value | Clean neutral color against white gives premium feel | 6-in-1 versatility visible through design elements"
"High-CTR","Baby Products","Strollers","Summer Infant 3Dlite Convenience Stroller, Jet Black","Summer Infant","B009ON3ES2","https://www.amazon.com/dp/B009ON3ES2","https://m.media-amazon.com/images/I/71OZPQQWd+L._AC_SL1500_.jpg","$79.99","4.5","34,567","#1 in Lightweight Strollers","Sleek lightweight frame creates clean, modern silhouette","Slim profile creates elegant silhouette at thumbnail | Jet black color creates maximum contrast on white background | Visible canopy and storage basket show key features | Lightweight frame suggests easy-to-use portability"
"High-CTR","Baby Products","Baby Swings","Graco Soothe My Way Swing with Removable Rocker, Madden","Graco","B085NJ5TK1","https://www.amazon.com/dp/B085NJ5TK1","https://m.media-amazon.com/images/I/71l9SkmTvYL._AC_SL1500_.jpg","$159.99","4.4","8,234","#2 in Baby Swings","Full swing structure creates impressive product presence","Large swing frame dominates thumbnail showing premium product | Visible toy bar and plush seat communicate comfort features | Neutral color scheme suggests modern nursery aesthetic | Product scale communicates substantial value for price"
"High-CTR","Baby Products","Sound Machines","Hatch Rest Baby Sound Machine, Night Light, 2nd Gen","Hatch","B08GYWKFQK","https://www.amazon.com/dp/B08GYWKFQK","https://m.media-amazon.com/images/I/61Lg0j2KBOL._AC_SL1500_.jpg","$69.99","4.6","45,678","#1 in Baby Sound Machines","Minimalist cylindrical design with warm glow creates cozy thumbnail","Simple cylinder shape with soft glow creates warm, inviting image | Pastel color options appeal to nursery aesthetic shoppers | Clean modern design differentiates from boxy competitor machines | Compact size visible at thumbnail suggests nightstand-friendly"
"High-CTR","Baby Products","Baby Bathing","The First Years Sure Comfort Deluxe Newborn-to-Toddler Tub, Teal","The First Years","B000067EH7","https://www.amazon.com/dp/B000067EH7","https://m.media-amazon.com/images/I/71Ew2RDXrGL._AC_SL1500_.jpg","$22.99","4.7","56,789","#1 in Baby Bathtubs","Bright teal tub creates vibrant color pop at thumbnail","Bright teal color is eye-catching against white background | Ergonomic contoured shape communicates comfort and safety | Built-in sling visible shows newborn functionality | Wide rounded shape fills frame well at thumbnail size"
"High-CTR","Baby Products","Pacifiers","MAM Original Matte Baby Pacifier, 6+ Months, 2 Pack","MAM","B085RQXF48","https://www.amazon.com/dp/B085RQXF48","https://m.media-amazon.com/images/I/71EjZoGNJuL._AC_SL1500_.jpg","$8.99","4.7","34,567","#1 in Pacifiers","Two-pack display with pastel colors creates appealing nursery aesthetic","Two pacifiers shown together signal value | Pastel matte colors create soft, nursery-appropriate aesthetic | Unique shield shape differentiates from standard pacifier designs | Small product displayed large in frame shows detail and quality"
"High-CTR","Baby Products","Baby Safety","Owlet Dream Sock - Smart Baby Monitor, Mint","Owlet","B0B4MK6BYY","https://www.amazon.com/dp/B0B4MK6BYY","https://m.media-amazon.com/images/I/51HG5cYjxrL._AC_SL1500_.jpg","$299.00","4.3","8,234","#2 in Baby Monitors","Unique sock-shaped monitor creates immediate curiosity","Tiny sock with tech elements creates unusual, intriguing silhouette | Mint color is soft and nursery-appropriate | Smart tech look on a baby sock creates curiosity factor | Base station + sock shown together communicate complete system"
"High-CTR","Baby Products","Nursing","Boppy Original Nursing Pillow and Positioner, Peaceful Jungle","Boppy","B092VD2PSP","https://www.amazon.com/dp/B092VD2PSP","https://m.media-amazon.com/images/I/81PuQ-e7nGL._AC_SL1500_.jpg","$39.99","4.7","67,890","#1 in Nursing Pillows","C-shaped pillow with pattern creates distinctive and inviting thumbnail","Distinctive C-shape is unique and immediately recognizable as nursing pillow | Playful jungle pattern adds color and visual interest | Plush texture visible communicates comfort | Open center shape creates interesting negative space"
"High-CTR","Baby Products","Baby Food Storage","WeeSprout Glass Baby Food Storage Containers, Set of 12","WeeSprout","B078RDH24P","https://www.amazon.com/dp/B078RDH24P","https://m.media-amazon.com/images/I/81FbSswYoVL._AC_SL1500_.jpg","$24.99","4.7","12,345","#1 in Baby Food Storage","12-piece grid display creates colorful, organized visual","12 containers arranged in grid creates organized, appealing pattern | Colorful lids in different colors create rainbow effect | Glass containers show transparency and quality | Array display immediately communicates set value"
"High-CTR","Automotive","Windshield Sun Shades","240T Thickened Automotive Glass Sunshade with Storage Bag","Generic","B0C1YFF2JJ","https://www.amazon.com/dp/B0C1YFF2JJ","https://m.media-amazon.com/images/I/71dYkJ8JXGL._AC_SL1500_.jpg","$13.99","4.4","1,823","#3 in Windshield Sun Shades","Strong visual appeal with thickened material presentation","Bold silver reflective surface creates high visual contrast against background | Clear dimensional labeling (57.08"" x 31.5"") immediately communicates size | Storage bag shown in corner adds value perception without cluttering main image | Smooth texture and professional lighting showcase premium quality"
"High-CTR","Automotive","Car Phone Mounts","SYNCWIRE for MagSafe Car Mount - 360 Rotation Magnetic Phone Holder","SYNCWIRE","B0CHDSQ7ND","https://www.amazon.com/dp/B0CHDSQ7ND","https://m.media-amazon.com/images/I/61L8nH9NJRL._AC_SL1500_.jpg","$16.99","4.6","987","#8 in Car Phone Mounts","Distinctive sleek design with high contrast elements","Matte black finish with metallic accents creates premium aesthetic | Clean geometric shape stands out among cluttered competitor images | Phone shown mounted demonstrates use case clearly | Minimal shadow and crisp edges enhance professional appearance"
"High-CTR","Automotive","Tire Inflators & Air Compressors","KOLTGOO Tire Inflator Portable Air Compressor - 150PSI 3X Faster","KOLTGOO","B0CXPX6ZSK","https://www.amazon.com/dp/B0CXPX6ZSK","https://m.media-amazon.com/images/I/71VwKH9qJ9L._AC_SL1500_.jpg","$39.99","4.4","1,432","#6 in Tire Inflators","Vibrant color scheme and clear feature display","Bright blue and black color blocking creates eye-catching contrast | Large LED display prominently featured draws attention | Compact handheld size clearly communicated through proportion | Clean product shot with no distracting elements or shadows"
"High-CTR","Automotive","Windshield Sun Shades","2025 Windshield Sun Shade Umbrella, Foldable Car Umbrella Sunshade","JASVIC","B08BLRGWGY","https://www.amazon.com/dp/B08BLRGWGY","https://m.media-amazon.com/images/I/71pXC9HFQRL._AC_SL1500_.jpg","$18.99","4.3","2,547","#5 in Windshield Sun Shades","Unique umbrella design differentiates from standard shades","Innovative umbrella format stands out from flat shade competition | Silver reflective material photographed with high shine creates premium look | Three-dimensional form adds visual interest and depth | Folded and unfolded views show versatility and compact storage"
"High-CTR","Automotive","Car Phone Mounts","AXENTO Upgraded 360° Vacuum Magnetic Car Phone Holder for MagSafe","AXENTO","B0FHWPZK6J","https://www.amazon.com/dp/B0FHWPZK6J","https://m.media-amazon.com/images/I/71gKnX9XSYL._AC_SL1500_.jpg","$22.99","4.5","654","#12 in Car Phone Mounts","Strong visual emphasis on suction mechanism","Transparent suction cup creates unique visual element showing internal mechanism | Bold product callouts (105+LBS, 2800gf) overlay communicates strength | Phone shown at dramatic angle demonstrates secure hold | High contrast between black mount and white iPhone increases visibility"
"High-CTR","Automotive","Windshield Wipers","Rain-X 810329 Total Clear Beam Wiper Blades 22"" & 22"" Value Pack","Rain-X","B0DFMNXHFX","https://www.amazon.com/dp/B0DFMNXHFX","https://m.media-amazon.com/images/I/71sQwGhPXTL._AC_SL1500_.jpg","$28.47","4.5","743","#4 in Windshield Wipers","Clean packaging presentation with brand prominence","Bright yellow Rain-X branding pops against dark wiper blades | Twin pack arrangement shows value without looking cluttered | Sleek aerodynamic blade design clearly visible | Professional product photography with perfect lighting highlights quality"
"High-CTR","Automotive","Tire Inflators & Air Compressors","AstroAI Tire Inflator Air Compressor 12V DC Portable with LED Light","AstroAI","B097B6X669","https://www.amazon.com/dp/B097B6X669","https://m.media-amazon.com/images/I/71cH9kYvQ9L._AC_SL1500_.jpg","$29.99","4.3","18,942","#1 in Air Compressors","Massive review count with clean product presentation","Vibrant yellow LED display draws eye immediately to key feature | Textured grip handle shown in detail suggests quality build | Accessories laid out systematically show complete kit value | Compact size emphasized through balanced composition"
"High-CTR","Automotive","Car Phone Mounts","Sosirolo Magnetic Cup Holder Phone Holder for Magsafe, 360° Adjustable","Sosirolo","B0G7H9LL1D","https://www.amazon.com/dp/B0G7H9LL1D","https://m.media-amazon.com/images/I/61fYvK4vB2L._AC_SL1500_.jpg","$19.99","4.4","423","#15 in Car Phone Mounts","Unique cup holder design with flexible gooseneck","Long adjustable gooseneck creates striking S-curve visual | Chrome/metallic finish reflects light creating premium appearance | Cup holder base clearly shown establishes unique mounting solution | iPhone prominently displayed shows compatibility and use case"
"High-CTR","Automotive","Windshield Sun Shades","SINGARO 300T Universal Car Windshield Sun Shade, Foldable Reflective","SINGARO","B0DQWJGP9M","https://www.amazon.com/dp/B0DQWJGP9M","https://m.media-amazon.com/images/I/71QvL8xHPML._AC_SL1500_.jpg","$15.99","4.6","287","#7 in Windshield Sun Shades","Premium 300T material with distinctive overlapping design","Ultra-reflective silver surface photographs with maximum shine and contrast | Overlapping panel design visible creates unique textured appearance | Premium material thickness communicated through edge detail | Clean fold lines suggest easy portability and storage"
"High-CTR","Automotive","Tire Inflators & Air Compressors","Teffim Tire Inflator Portable Air Compressor - Cordless 150PSI","Teffim","B0DLWM3VT4","https://www.amazon.com/dp/B0DLWM3VT4","https://m.media-amazon.com/images/I/71U9pGxJNTL._AC_SL1500_.jpg","$35.99","4.5","892","#8 in Tire Inflators","Sleek modern design with clear digital interface","Bright orange accent color creates high-visibility focal point | Large backlit LCD screen prominently featured shows usability | Streamlined ergonomic form factor suggests portability | All accessories neatly arranged shows complete package value"
"High-CTR","Tools & Home Improvement","Laser Measuring Tools","IULAVP 3-in-1 Digital Laser Tape Measure, 131Ft/40m Infrared Laser","IULAVP","B0D42BSGWN","https://www.amazon.com/dp/B0D42BSGWN","https://m.media-amazon.com/images/I/71MJcFqAzqL._AC_SL1500_.jpg","$42.99","4.4","1,247","#4 in Laser Measuring Tools","Distinctive orange design with prominent LED display","Bright safety orange color creates high contrast against white background | Large backlit LCD screen prominently featured at center shows usability | Dual measurement tools visible (laser + retractable tape) communicate versatility | Clean modern industrial design with visible measurement markings"
"High-CTR","Tools & Home Improvement","Rechargeable Flashlights","VOLISABER LED Rechargeable Flashlights, Super Bright 99,000 Lumens","VOLISABER","B0G4FNCJBX","https://www.amazon.com/dp/B0G4FNCJBX","https://m.media-amazon.com/images/I/71hYwL9TRCL._AC_SL1500_.jpg","$34.99","4.3","2,184","#5 in Rechargeable Flashlights","Massive lumen rating with distinctive design elements","Oversized reflector lens dominates image creating powerful impression | Tactical black finish with red accent ring draws attention | Robust construction clearly visible suggests durability | Large 99,000 lumens claim creates standout value proposition"
"High-CTR","Tools & Home Improvement","Work Lights","HOTLIGH Rechargeable Work Light, 5000mAh Magnetic with 360° Rotate","HOTLIGH","B0CC51Q3K2","https://www.amazon.com/dp/B0CC51Q3K2","https://m.media-amazon.com/images/I/71zJNKH9YJL._AC_SL1500_.jpg","$27.99","4.6","3,947","#4 in Work Lights","Innovative foldable design with multiple light sources","Unique folding mechanism creates distinctive silhouette unlike traditional lights | Multiple LED panels visible show versatile lighting options | Bright white LED light shown illuminated demonstrates brightness | Red accent color on handle provides pop of contrast"
"High-CTR","Tools & Home Improvement","Cordless Drill Sets","DEWALT ATOMIC 20V MAX Cordless Drill/Driver Kit, Brushless","DEWALT","B07QJ97BHQ","https://www.amazon.com/dp/B07QJ97BHQ","https://m.media-amazon.com/images/I/71zSxfJvfYL._AC_SL1500_.jpg","$99.00","4.8","12,847","#4 in Power Drill Sets","Compact ATOMIC series with distinctive blue accent","Iconic DeWalt yellow with new blue ATOMIC accent creates fresh look | Compact design clearly visible appeals to tight-space users | Complete kit layout with drill, batteries, charger, and bag shows value | Professional product photography with perfect lighting and shadows"
"High-CTR","Tools & Home Improvement","Laser Measuring Tools","HOTO Laser Measuring Tool, Pocket-Size 98Ft Digital Laser Tape Measure","HOTO","B09156YD8P","https://www.amazon.com/dp/B09156YD8P","https://m.media-amazon.com/images/I/61aXKvVzJBL._AC_SL1500_.jpg","$49.99","4.5","4,328","#3 in Laser Measuring Tools","Ultra-compact pocket design with premium aesthetic","Sleek minimalist design with premium matte finish stands out | OLED display shown with clear readout demonstrates technology | Extremely compact size emphasized (fits in palm) appeals to portability | Modern consumer electronics aesthetic differentiates from traditional tools"
"High-CTR","Tools & Home Improvement","Rechargeable Flashlights","Hoxida Flashlight USB Rechargeable, Magnetic LED with COB Sidelight","Hoxida","B07XJN27NZ","https://www.amazon.com/dp/B07XJN27NZ","https://m.media-amazon.com/images/I/71bHrD8wSfL._AC_SL1500_.jpg","$16.99","4.4","8,432","#3 in Rechargeable Flashlights","Distinctive dual-light design with COB sidelight panel","Unique COB sidelight panel creates distinctive L-shaped lighting profile | Magnetic base clearly visible emphasizes hands-free functionality | Compact size with clip attachment shown suggests EDC convenience | Both lights shown illuminated demonstrates dual-mode capability"
"High-CTR","Tools & Home Improvement","Work Lights","Flexible LED Flashlight Stick, 27"" Bendable Mechanic Light","Generic","B0GML28ZV9","https://www.amazon.com/dp/B0GML28ZV9","https://m.media-amazon.com/images/I/61lhYqWR4fL._AC_SL1500_.jpg","$22.99","4.5","1,892","#8 in Work Lights","Unique flexible snake-like design for tight spaces","Long flexible form creates dramatic S-curve visual unlike rigid competitors | Bright LED array visible along entire length shows coverage | Bendable gooseneck shown in action demonstrates key feature | Perfect for mechanic/inspection applications clearly communicated through design"
"High-CTR","Tools & Home Improvement","Cordless Drill Combo Kits","DEWALT 20V MAX XR Power Tools Combo Kit, Hammer Drill, Impact Driver","DEWALT","B09ZH8T81D","https://www.amazon.com/dp/B09ZH8T81D","https://m.media-amazon.com/images/I/81mNLJ9MFSL._AC_SL1500_.jpg","$299.00","4.8","7,432","#3 in Combo Kits","Premium 4-tool XR combo with complete kit presentation","Four premium XR tools arranged in dynamic diagonal layout creates impact | Black and yellow XR line design differentiates from standard DeWalt | Complete professional kit with saw, drill, driver, light shows versatility | High-capacity batteries prominently displayed emphasize power and runtime"
"High-CTR","Tools & Home Improvement","Laser Measuring Tools","IDARA 2 in 1 Digital Tape Measure with Laser, 131 Ft/40 m","IDARA","B0CHDCYYZP","https://www.amazon.com/dp/B0CHDCYYZP","https://m.media-amazon.com/images/I/71kQZ1vNQ8L._AC_SL1500_.jpg","$38.99","4.4","2,647","#5 in Laser Measuring Tools","Ergonomic design with prominent dual measurement features","Teal/blue accent color creates fresh modern tool aesthetic | Large digital display positioned at optimal viewing angle | Retractable tape measure clearly visible shows traditional backup | Compact form factor with rubberized grip suggests comfort and portability"
"High-CTR","Tools & Home Improvement","Rechargeable Flashlights","BulkWise Rechargeable Flashlights 4 Pack, High Lumen Tactical","BulkWise","B0G4X3YXF2","https://www.amazon.com/dp/B0G4X3YXF2","https://m.media-amazon.com/images/I/71bTH9wGPqL._AC_SL1500_.jpg","$39.99","4.5","1,543","#7 in Rechargeable Flashlights","Value 4-pack with identical units arranged for impact","Four identical flashlights arranged in grid creates bulk value visual | Military-grade tactical black finish with aggressive styling | USB-C charging ports clearly visible on all units shows modern convenience | Zoomable lens feature visible through different focus positions shown"
"High-CTR","Office Products","Planners & Calendars","2026 Planner Daily, Weekly & Monthly Organizer with Pen Holder, A5","Generic","B0FWCF6724","https://www.amazon.com/dp/B0FWCF6724","https://m.media-amazon.com/images/I/71pKH9wYPqL._AC_SL1500_.jpg","$11.99","4.6","1,847","#5 in Planners","Rich blue hardcover with visible organizational features","Vibrant blue hardcover creates strong color contrast against white background | Planner shown open reveals colorful monthly layout with visible organization system | Elastic pen holder loop visible on cover adds functional detail | Gold-accented spine and premium finish suggest quality construction"
"High-CTR","Office Products","Label Makers","D110 Bluetooth Thermal Label Maker Machine with Tape, Portable Inkless","Generic","B0BS2YZ892","https://www.amazon.com/dp/B0BS2YZ892","https://m.media-amazon.com/images/I/71xJK9wTPqL._AC_SL1500_.jpg","$21.99","4.5","3,247","#3 in Label Makers","Eye-catching blue color with modern minimalist design","Bright sky blue color stands out dramatically from typical office product neutrals | Compact handheld size clearly visible suggests portability and convenience | Sample labels printed and displayed show practical output examples | Clean modern industrial design with rounded edges appeals to contemporary aesthetic"
"High-CTR","Office Products","Permanent Markers","Sharpie Permanent Markers, Fine Point, Black Ink 4-Pack","Sharpie","B073YHQ5ZD","https://www.amazon.com/dp/B073YHQ5ZD","https://m.media-amazon.com/images/I/71rJK9wZPqL._AC_SL1500_.jpg","$4.97","4.8","18,432","#4 in Permanent Markers","Classic Sharpie design with iconic cap-off presentation","Four markers arranged at dynamic diagonal angle creates motion and visual interest | Black ink tips visible demonstrate product quality and point size | Iconic Sharpie logo and red clip instantly recognizable for brand trust | Clean product shot with sharp focus on fine point tips"
"High-CTR","Office Products","Desk Organizers","Marbrasse Desk Organizer, 360-Degree Rotating Pen Holder, 5 Compartments","Marbrasse","B0C58MCR4C","https://www.amazon.com/dp/B0C58MCR4C","https://m.media-amazon.com/images/I/61wKH9wQPqL._AC_SL1500_.jpg","$19.99","4.5","6,847","#4 in Desk Organizers","Unique rotating design with pristine white aesthetic","Innovative 360-degree rotating design creates unique selling proposition visible in image | Pure white finish with clean lines appeals to minimalist/modern office aesthetics | Multiple compartments shown filled with supplies demonstrates capacity and organization | Circular rotating base mechanism clearly visible shows key feature"
"High-CTR","Office Products","Planners & Calendars","Forvencer 2026 Planner Weekly and Monthly, Vegan Leather Cover 8.5"" x 11""","Forvencer","B0FSQGC1LX","https://www.amazon.com/dp/B0FSQGC1LX","https://m.media-amazon.com/images/I/71mKH9wZPqL._AC_SL1500_.jpg","$14.99","4.6","2,384","#7 in Planners","Large format planner with rich brown vegan leather cover","Rich brown vegan leather texture creates premium tactile impression | Large 8.5"" x 11"" size clearly communicated provides ample writing space | Gold foil year stamping adds luxury detail catching light | Spiral binding visible from side shows planner lays flat for easy writing"
"High-CTR","Office Products","Label Makers","Phomemo M110 Label Makers - Barcode Label Printer Bluetooth Portable","Phomemo","B07XXB2MXN","https://www.amazon.com/dp/B07XXB2MXN","https://m.media-amazon.com/images/I/71rJK9wTPqL._AC_SL1500_.jpg","$29.99","4.3","4,892","#5 in Label Makers","Professional barcode capability with sample labels displayed","Professional black finish suggests business/commercial quality | Multiple sample labels shown (barcode, address, pricing) demonstrate versatility | Compact portable form factor with visible label roll appeals to mobile users | Clear branding and model identification builds trust"
"High-CTR","Office Products","Desk Organizers","Jaugufiy Desk Organizer Mesh Desktop Multi-functional with 8 Compartments","Jaugufiy","B0BLWC6KY3","https://www.amazon.com/dp/B0BLWC6KY3","https://m.media-amazon.com/images/I/71wKH9wXPqL._AC_SL1500_.jpg","$15.99","4.5","9,328","#3 in Desk Organizers","Comprehensive organization with drawer shown filled with supplies","8 compartments plus drawer shown fully stocked demonstrates maximum capacity | Classic black mesh finish with clear organization visible in each section | Pull-out drawer shown open reveals hidden storage bonus | Variety of office supplies visible (pens, scissors, clips) shows practical application"
"High-CTR","Office Products","Printer Paper","Copy Paper Printer Paper 20lb Multipurpose 8.5 x 11, 10 Reams Case","Generic","B0CVHGBSJV","https://www.amazon.com/dp/B0CVHGBSJV","https://m.media-amazon.com/images/I/71sJK9wZPqL._AC_SL1500_.jpg","$44.99","4.6","3,842","#4 in Copy & Printing Paper","Bulk 10-ream case with clear value proposition","Large case quantity (10 reams = 5,000 sheets) clearly labeled for bulk buyers | Bright white paper stack visible through packaging window shows product quality | 92 Bright rating prominently displayed appeals to print quality seekers | Professional packaging design with clear specifications builds credibility"
"High-CTR","Office Products","Permanent Markers","Sharpie Permanent Marker Fine Point, 36 Count Black","Sharpie","B07W2VM8M9","https://www.amazon.com/dp/B07W2VM8M9","https://m.media-amazon.com/images/I/81pJK9wZPqL._AC_SL1500_.jpg","$24.99","4.8","11,247","#6 in Permanent Markers","Bulk pack of 36 with organized presentation","Large quantity (36 markers) arranged in neat grid creates bulk value impression | Iconic Sharpie black markers with red cap clips create recognizable pattern | Professional bulk packaging appeals to offices, teachers, businesses | Organized rows clearly show full count without clutter"
"High-CTR","Office Products","Planners & Calendars","POPRUN 2026 Planner Large 8.5"" x 10.5"" with Hourly Time Slots","POPRUN","B0F4JH8C3V","https://www.amazon.com/dp/B0F4JH8C3V","https://m.media-amazon.com/images/I/71xKH9wYPqL._AC_SL1500_.jpg","$12.99","4.5","3,147","#8 in Planners","Large format with detailed hourly scheduling visible","Planner photographed open to weekly spread shows detailed hourly time slots | Color-coded sections and tabs visible demonstrate organizational system | Large size allows clear view of sample scheduling and note-taking spaces | Premium thick paper quality visible from side view of pages"
"High-CTR","Garden & Outdoor","Solar Pathway Lights","DenicMic Solar Lights Outdoor 10 Pack Waterproof 6000K Cold White LED","DenicMic","B09W9H1V63","https://www.amazon.com/dp/B09W9H1V63","https://m.media-amazon.com/images/I/71xH9wJzKPqL._AC_SL1500_.jpg","$24.99","4.3","6,847","#6 in Solar Pathway Lights","Bright cold white LEDs with stainless steel construction","Multiple lights shown illuminated creates dramatic evening ambiance visual | Bright white LED glow prominently displayed shows effectiveness | Sleek stainless steel stakes with modern cylindrical design stand out | 10-pack arrangement demonstrates value and full pathway lighting potential"
"High-CTR","Garden & Outdoor","Expandable Garden Hoses","HydroTech 5/8"" 25 ft Expandable Garden Hose - Flexible, Lightweight","HydroTech","B0DNGLGJQ5","https://www.amazon.com/dp/B0DNGLGJQ5","https://m.media-amazon.com/images/I/71rH9wKzPqL._AC_SL1500_.jpg","$19.99","4.4","3,247","#5 in Garden Hoses","Vibrant color with reinforced construction visible","Bright turquoise/teal hose color creates eye-catching contrast | Solid brass fittings prominently displayed in gold finish suggest quality | Hose shown both compact and expanded demonstrates key expandable feature | Professional product shot with water flowing through nozzle shows functionality"
"High-CTR","Garden & Outdoor","Vegetable Seeds","55 Vegetable Seeds Variety Pack - 35,600+ Non-GMO Heirloom Seeds","Generic","B0CYTJ3BT7","https://www.amazon.com/dp/B0CYTJ3BT7","https://m.media-amazon.com/images/I/81wH9wMzPqL._AC_SL1500_.jpg","$27.99","4.6","4,328","#3 in Vegetable Seeds","Colorful seed packet array with variety showcase","Vibrant array of seed packets with colorful vegetable photography creates visual feast | Large quantity claim (35,600+ seeds) prominently displayed shows value | Individual packets fanned out allow viewing of multiple variety options | Professional seed packet design with clear labeling builds credibility"
"High-CTR","Garden & Outdoor","Gardening Gloves","Gardening Gloves With Claws, Breathable & Waterproof - Purple, 1 Pair","Generic","B0BVP6BT41","https://www.amazon.com/dp/B0BVP6BT41","https://m.media-amazon.com/images/I/71pH9wLzKPqL._AC_SL1500_.jpg","$8.99","4.2","5,892","#4 in Gardening Gloves","Unique built-in claw design in eye-catching purple color","Vibrant purple color with built-in fingertip claws creates unique product differentiation | Claws prominently displayed on fingertips show innovative digging feature | Action shot of glove digging in soil demonstrates practical application | Fun novelty design appeals to gardeners looking for convenient all-in-one tool"
"High-CTR","Garden & Outdoor","Solar Pathway Lights","10 Pack Solar Pathway Lights Outdoor - Bright Solar Powered Warm White LED","Generic","B09V14WWLW","https://www.amazon.com/dp/B09V14WWLW","https://m.media-amazon.com/images/I/71vH9wJzKPqL._AC_SL1500_.jpg","$23.99","4.3","8,432","#5 in Solar Pathway Lights","Elegant crackle glass design with warm ambient glow","Beautiful crackle glass globe design creates decorative aesthetic appeal | Warm golden LED glow photographed creates inviting ambiance | Lights shown in pathway arrangement demonstrates intended use beautifully | Elegant design bridges function and decoration appealing to design-conscious buyers"
"High-CTR","Garden & Outdoor","Expandable Garden Hoses","50ft Super Light Weight Expandable Garden Hose with 9 Function Nozzle","AquaFlex","B0CB1SQLFX","https://www.amazon.com/dp/B0CB1SQLFX","https://m.media-amazon.com/images/I/71sH9wKzPqL._AC_SL1500_.jpg","$24.99","4.4","4,732","#6 in Garden Hoses","Vibrant green color with prominent 9-function nozzle display","Bright lime green hose creates bold color statement different from standard blues | 9-function spray nozzle shown separately displays versatility with labeled patterns | Hose coiled attractively shows compact storage when not expanded | Complete kit presentation (hose + nozzle + storage bag) communicates full value"
"High-CTR","Garden & Outdoor","Vegetable Seeds","Sereniseed Certified Organic Vegetable Seeds 10-Pack Non GMO","Sereniseed","B08YDN7YJQ","https://www.amazon.com/dp/B08YDN7YJQ","https://m.media-amazon.com/images/I/81rH9wMzPqL._AC_SL1500_.jpg","$24.99","4.6","6,247","#4 in Vegetable Seeds","Premium organic certification with clean branded packaging","Clean white packaging with green organic certification badges creates premium impression | Certified Organic USDA seal prominently displayed builds trust | 10 seed packets arranged to show variety (tomato, lettuce, cucumber, etc.) clearly visible | Professional branding and clear labeling suggests quality and reliability"
"High-CTR","Garden & Outdoor","Gardening Gloves","CARE HOME Gardening Gloves for Digging & Planting, 2 Pair Blue","CARE HOME","B0CQT1QHMB","https://www.amazon.com/dp/B0CQT1QHMB","https://m.media-amazon.com/images/I/71sH9wLzKPqL._AC_SL1500_.jpg","$7.99","4.5","3,847","#3 in Gardening Gloves","Bright blue color with textured grip pattern clearly visible","Vibrant royal blue color creates high visibility and modern aesthetic | Heavy-duty rubber coating with visible grip texture suggests durability | Two pairs shown together emphasizes value proposition | Hands shown in natural working position demonstrates fit and flexibility"
"High-CTR","Garden & Outdoor","Solar Pathway Lights","BITPOTT Bright Solar Pathway Lights Outdoor, 8 Pack Waterproof IP65","BITPOTT","B0BV1KVY19","https://www.amazon.com/dp/B0BV1KVY19","https://m.media-amazon.com/images/I/71mH9wJzKPqL._AC_SL1500_.jpg","$21.99","4.4","7,328","#7 in Solar Pathway Lights","Modern cube design with color-changing LED capability","Unique square/cube light design stands out from traditional round pathway lights | Color-changing LED feature shown with multiple hues creates visual interest | Modern minimalist aesthetic appeals to contemporary outdoor decor preferences | 8-pack arrangement in pathway formation shows full installation potential"
"High-CTR","Garden & Outdoor","Vegetable Seeds","Garden Pack 20 Vegetable Seeds Varieties – High Yield Over 8,000 Seeds","Garden Pack","B09DQ8V8DS","https://www.amazon.com/dp/B09DQ8V8DS","https://m.media-amazon.com/images/I/81pH9wMzPqL._AC_SL1500_.jpg","$18.99","4.5","5,432","#5 in Vegetable Seeds","Comprehensive variety pack with high-yield emphasis","20 individual seed packets displayed in grid shows extensive variety selection | Colorful vegetable photography on each packet creates vibrant visual array | High yield marketing emphasized appeals to productivity-focused gardeners | Organized presentation with clear variety labeling makes selection easy to understand"
"High-CTR","Arts, Crafts & Sewing","Acrylic Paint Markers","24 Colors Acrylic Paint Pens, Dual Tip with Brush and Fine Tip","Generic","B0BN7WJFPR","https://www.amazon.com/dp/B0BN7WJFPR","https://m.media-amazon.com/images/I/81vKH9wZPqL._AC_SL1500_.jpg","$13.99","4.4","7,843","#5 in Paint Markers","Rainbow color array with sample artwork display","Vibrant rainbow gradient arrangement of 24 markers creates stunning visual impact | Sample artwork (painted rocks, wood signs) shown demonstrates versatility | Dual tip feature clearly visible with both ends shown on markers | Complete color spectrum from metallics to pastels appeals to diverse crafters"
"High-CTR","Arts, Crafts & Sewing","Clay Beads Kits","BestNow Clay Beads Bracelet Making Kit 5000 Pcs Friendship Kit","BestNow","B0DNMMF9LW","https://www.amazon.com/dp/B0DNMMF9LW","https://m.media-amazon.com/images/I/91wKH9wZPqL._AC_SL1500_.jpg","$11.99","4.5","4,732","#6 in Jewelry Making Kits","Open compartment display showing colorful bead organization","Storage box shown open reveals rainbow array of organized flat beads creating visual feast | Multiple finished friendship bracelets displayed show creative potential | Bright pastel color palette appeals to young crafters and trend-conscious teens | Well-organized compartments visible suggest ease of use and quality packaging"
"High-CTR","Arts, Crafts & Sewing","Diamond Painting Kits","PRASIO Butterfly Diamond Art Kits, Yellow Butterfly 5D Full Drill","PRASIO","B0DB2B7RF2","https://www.amazon.com/dp/B0DB2B7RF2","https://m.media-amazon.com/images/I/81rH9wMzPqL._AC_SL1500_.jpg","$9.99","4.5","5,328","#5 in Diamond Painting Kits","Vibrant yellow butterfly with nature scene background","Bright yellow butterfly against blue sky creates high contrast and visual pop | Detailed preview of finished artwork shows stunning sparkle effect | Nature theme with flowers appeals to broad demographic | Professional photography showcasing gem shimmer demonstrates quality result"
"High-CTR","Arts, Crafts & Sewing","Acrylic Paint Markers","Arrtx 30 Colors Acrylic Paint Pens for Rock Painting, Extra Brush Tip","Arrtx","B0B45DZS6J","https://www.amazon.com/dp/B0B45DZS6J","https://m.media-amazon.com/images/I/81sKH9wZPqL._AC_SL1500_.jpg","$15.99","4.5","11,247","#4 in Paint Markers","Professional quality with vibrant color display and sample art","30 markers arranged in color-coded groups (warm, cool, metallics) creates organized visual | Sample painted rocks shown with intricate designs demonstrate professional results | Extra brush tip markers shown alongside regular tips display versatility | Water-based and non-toxic callouts appeal to parent buyers for kids' crafts"
"High-CTR","Arts, Crafts & Sewing","Clay Beads Kits","Pizooro Clay Beads 3 Boxes Bracelet Making Kit, 10500pcs with Charms","Pizooro","B0BYJ6ZWN1","https://www.amazon.com/dp/B0BYJ6ZWN1","https://m.media-amazon.com/images/I/91xKH9wZPqL._AC_SL1500_.jpg","$19.99","4.6","9,847","#5 in Jewelry Making Kits","Three-box set with extensive variety and finished examples","Three organized storage boxes shown side-by-side display massive variety | Round letter beads and flat clay beads shown separately highlight dual bead types | Multiple finished bracelets arranged artfully show creative possibilities | Generous 10,500-piece count prominently displayed emphasizes value"
"High-CTR","Arts, Crafts & Sewing","Diamond Painting Kits","Diamond Painting Kit Surf Sunset 5D Full Round Drill Crystal Crafts","Generic","B0G2J38TP1","https://www.amazon.com/dp/B0G2J38TP1","https://m.media-amazon.com/images/I/81vH9wMzPqL._AC_SL1500_.jpg","$10.99","4.4","3,928","#6 in Diamond Painting Kits","Dramatic sunset surf scene with vibrant color gradient","Stunning sunset gradient from orange to purple creates dramatic color impact | Silhouetted surfer creates focal point and action element | Ocean wave detail shows complexity of full-drill diamond coverage | Beach/surf theme appeals to coastal lifestyle and vacation memories"
"High-CTR","Arts, Crafts & Sewing","Acrylic Paint Markers","BOLOBLMEE 12 Colors Jumbo Paint Markers, 10mm Acrylic for Rock Painting","BOLOBLMEE","B0FRSSPGTQ","https://www.amazon.com/dp/B0FRSSPGTQ","https://m.media-amazon.com/images/I/71pH9wZPqL._AC_SL1500_.jpg","$16.99","4.3","2,847","#8 in Paint Markers","Oversized 10mm jumbo markers for bold artwork","Extra-large 10mm chisel tips prominently shown emphasize bold line capability | Markers photographed with sample bold lettering and art demonstrates use | Bright primary and secondary colors arranged attractively | Jumbo size differentiation appeals to poster makers and large project crafters"
"High-CTR","Arts, Crafts & Sewing","Clay Beads Kits","Piccassio Clay Beads Bracelet Making Kit – 10,500+ Heishi Beads 48 Colors","Piccassio","B0BC269FYD","https://www.amazon.com/dp/B0BC269FYD","https://m.media-amazon.com/images/I/91rKH9wZPqL._AC_SL1500_.jpg","$18.99","4.6","7,432","#7 in Jewelry Making Kits","Premium kit with shells, charms, and extensive accessories","Comprehensive flat lay showing all components creates impressive value display | Natural shell beads and beach charms add unique bohemian aesthetic | 48 color variety shown in organized grid demonstrates extensive palette | Multiple finished bracelet styles displayed show diverse creative applications"
"High-CTR","Arts, Crafts & Sewing","Diamond Painting Kits","PRASIO Lighthouse Diamond Art Kits, Stained Glass Diamond Painting 5D","PRASIO","B0DB28ZV39","https://www.amazon.com/dp/B0DB28ZV39","https://m.media-amazon.com/images/I/81sH9wMzPqL._AC_SL1500_.jpg","$9.99","4.5","4,928","#7 in Diamond Painting Kits","Unique stained glass style lighthouse with vibrant colors","Stunning stained glass effect creates unique artistic differentiation | Vibrant jewel-tone colors (blues, purples, oranges) create visual richness | Lighthouse scene with ocean waves appeals to nautical decor enthusiasts | Mosaic-like pattern preview shows intricate detail work"
"High-CTR","Arts, Crafts & Sewing","Clay Beads Kits","Ilootm Friendship Bracelet Kit, 16800pcs, 96 Colors Polymer Clay Beads","Ilootm","B0CJB9ZJGH","https://www.amazon.com/dp/B0CJB9ZJGH","https://m.media-amazon.com/images/I/91mKH9wZPqL._AC_SL1500_.jpg","$22.99","4.5","6,328","#8 in Jewelry Making Kits","Massive 16,800-piece kit combining clay and glass beads","Enormous piece count (16,800) creates strong value proposition for serious crafters | Combination of clay beads AND glass seed beads shown offers dual materials | 96 color variety displayed in organized compartments shows professional organization | Complete kit with tools, strings, and storage shown emphasizes comprehensive value"
"High-CTR","Industrial & Scientific","Labeling","Brother P-Touch PTD210 Label Maker, Easy-to-Use, Ideal for Home and Office Organization","Brother","B01LXFUAWJ","https://www.amazon.com/dp/B01LXFUAWJ","https://m.media-amazon.com/images/I/71MrJcW+8IL._AC_SL1500_.jpg","$19.99","4.5","31,456","18","Popular label maker in home organization trend","Compact white design with visible label strip output immediately communicates product function | Printed label example showing clear text demonstrates output quality | Small footprint shown at 3/4 angle conveys portability and desk-friendly design | Brighter white body stands out versus darker competitor products on results page"
"High-CTR","Industrial & Scientific","Fastening","FINDMAG Neodymium Disc Magnets 120 Pack, 0.47in x 0.08in Super Strong Small Magnets","FINDMAG","B07BDGK3J8","https://www.amazon.com/dp/B07BDGK3J8","https://m.media-amazon.com/images/I/71gy7n-sVxL._AC_SL1500_.jpg","$8.99","4.6","18,765","22","Craft and industrial crossover, high-volume small product","Grid arrangement of 120 magnets demonstrates value and quantity at a glance | Silver metallic finish creates visual texture and interest against white background | Organized matrix pattern is visually satisfying and communicates precision | Scale reference from arrangement makes product size instantly clear"
"High-CTR","Industrial & Scientific","Safety Equipment","DEWALT Safety Glasses Concealer Clear Anti-Fog Lens, DPGSG1C","DEWALT","B0000CBHHL","https://www.amazon.com/dp/B0000CBHHL","https://m.media-amazon.com/images/I/71p1f5NKkAL._AC_SL1500_.jpg","$9.97","4.7","42,345","25","DEWALT brand recognition drives CTR, value priced safety essential","DEWALT yellow-and-black brand colors create immediate brand recognition signal | Clear lens shown at angle reveals lens quality and anti-fog coating visually | Sleek wraparound design shown from front communicates full-face coverage | Contrast between yellow frame and clear lens creates bold visual pop in search results"
"High-CTR","Industrial & Scientific","Cable Management","VELCRO Brand ONE-WRAP Thin Ties Cable Ties for Cord Management, 8in, 100 Count","VELCRO Brand","B001E1Y5O6","https://www.amazon.com/dp/B001E1Y5O6","https://m.media-amazon.com/images/I/71XkrA+XSBL._AC_SL1500_.jpg","$13.99","4.7","29,876","30","Brand recognition leader in hook-and-loop, home office cable management","Bright red VELCRO branding against white creates strong visual anchor point | Pre-formed loop shape communicates ease-of-use and reusability immediately | Multiple ties shown fanned out demonstrates generous 100-count quantity | VELCRO brand name recognition creates trust signal for immediate click response"
"High-CTR","Industrial & Scientific","Safety Equipment","Pyramex Safety PM3010 Disposable Earplug Uncorded Foam NRR 31, 200 Pairs","Pyramex Safety","B00COJNRPK","https://www.amazon.com/dp/B00COJNRPK","https://m.media-amazon.com/images/I/81O1x3uCEiL._AC_SL1500_.jpg","$23.99","4.7","15,432","35","High-volume industrial PPE, NRR rating transparency drives trust","Bright orange foam earplugs displayed in bulk create immediate sense of quantity value | Organized bulk display with clear pair count communicates value proposition instantly | Orange safety color on white background creates high-contrast pop that catches attention | NRR 31 rating visible in image design adds credibility without needing to read listing"
"High-CTR","Industrial & Scientific","Measurement","Klein Tools 935DAG Digital Level and Angle Gauge Measures Angles LCD Display","Klein Tools","B003H0JJ9C","https://www.amazon.com/dp/B003H0JJ9C","https://m.media-amazon.com/images/I/71HkZRwTe+L._AC_SL1500_.jpg","$44.97","4.7","11,234","40","Klein Tools professional brand, digital tools category growth","Bold orange Klein Tools branding with bright LCD readout creates high-contrast focal point | Digital display showing actual angle reading demonstrates product functionality visually | Compact design shown at slight angle reveals sleek professional-grade appearance | Orange and black color combination is uniquely identifiable in search results grid"
"High-CTR","Industrial & Scientific","Adhesives","Loctite Super Glue Ultra Gel Control 4g Clear Fast-Bonding Gel","Loctite","B008ZJMRLE","https://www.amazon.com/dp/B008ZJMRLE","https://m.media-amazon.com/images/I/81J7bdVR7IL._AC_SL1500_.jpg","$8.49","4.6","34,567","45","Loctite brand equity, universal adhesive use case","Distinctive red Loctite packaging with white product cap creates bold color contrast | Bottle design communicates premium control application without dripping | Simple product-forward packaging with brand name dominant for fast brand recognition | Vivid red against white creates one of the highest-contrast thumbnails in adhesive category"
"High-CTR","Industrial & Scientific","Detection & Sensors","Klein Tools ET300 Outlet Tester Tests Standard 3-Wire Outlets 7 LED Indicator Lights","Klein Tools","B0006B1PW2","https://www.amazon.com/dp/B0006B1PW2","https://m.media-amazon.com/images/I/71BL+V7x4+L._AC_SL1500_.jpg","$8.99","4.7","22,345","50","Electrician essential, DIY home safety, low price point for broad appeal","Bright LED indicator lights visible on product face immediately show core function | Orange Klein brand color combined with visible LED arrangement creates functional visual story | Compact plug-style design shown straight-on gives buyers clear mental model of use | LED lights against dark product body create luminous focal points that attract eyes"
"High-CTR","Industrial & Scientific","Safety Equipment","G & F Products Knit Work Gloves Foam Latex Coated X-Large 12 Pairs Pack","G & F Products","B002CQCJDE","https://www.amazon.com/dp/B002CQCJDE","https://m.media-amazon.com/images/I/71YKHE7CXFL._AC_SL1500_.jpg","$18.99","4.5","27,890","55","Multi-pack value, construction and warehouse market, durable work glove category","Green/yellow glove color against white creates high-contrast safety-work visual | Pair shown flat with fingers spread demonstrates grip coating coverage and dexterity | Multiple pairs visible in frame reinforces bulk value and 12-count quantity | Textured latex palm shown prominently communicates grip quality and work-ready design"
"High-CTR","Industrial & Scientific","Tape & Dispensers","Gorilla Crystal Clear Tape 2.83-Inch x 30-Yards Pack of 2","Gorilla","B01MFFEVY7","https://www.amazon.com/dp/B01MFFEVY7","https://m.media-amazon.com/images/I/71p2XyK-AQL._AC_SL1500_.jpg","$13.99","4.5","16,543","60","Gorilla brand trust, heavy-duty tape category, multi-pack value","Bold Gorilla orange packaging creates instant brand recognition against white background | Crystal clear tape visible through packaging demonstrates transparency of product | Two-pack arrangement clearly visible reinforces value proposition without reading text | Orange and brown gorilla logo is uniquely identifiable visual signal in tape category"
"High-CTR","Musical Instruments","Drums","Evans 10 Inch Level 360 Drum Head Practice Pad, Snare, Tom Batter","Evans","B00FEEWKCA","https://www.amazon.com/dp/B00FEEWKCA","https://m.media-amazon.com/images/I/71BO9fDAMBL._AC_SL1500_.jpg","$29.99","4.7","9,234","18","Drumhead practice essential, Evans professional brand","Clean circular shape with textured drumhead surface creates satisfying geometric visual | Cream-colored drumhead against pure white background creates subtle texture contrast that draws the eye | Evans logo printed on head provides professional signal and brand trust | Single pad shown filling most of frame makes it immediately identifiable as practice drum"
"High-CTR","Musical Instruments","Guitar Accessories","GLEAM Guitar Picks 351 Shape Celluloid Medium, 50 Pack Mixed Colors","GLEAM","B07GBCNNJR","https://www.amazon.com/dp/B07GBCNNJR","https://m.media-amazon.com/images/I/71MNp0+eI0L._AC_SL1500_.jpg","$7.99","4.6","18,765","22","High-value multi-color pick pack, visually striking in search results","Rainbow assortment of colored picks arranged in fan pattern creates vibrant visual immediately | 50-pick quantity visible at a glance communicates extreme value for low price | Variety of colors suggests customization and personalization for the player | Colorful fanned arrangement is uniquely eye-catching versus plain single-color pick images"
"High-CTR","Musical Instruments","Microphones","Shure SM58 Cardioid Dynamic Vocal Microphone, Wired, Includes XLR Cable","Shure","B00N1YFRW8","https://www.amazon.com/dp/B00N1YFRW8","https://m.media-amazon.com/images/I/61SJh2cNVSL._AC_SL1500_.jpg","$99.00","4.8","23,456","28","Legendary stage microphone, professional brand recognition, live performance icon","Iconic SM58 silhouette is immediately recognizable to musicians and creates aspirational click | Silver mesh grille with black body creates bold high-contrast appearance | Slight upward angle mimics mic stand position which triggers emotional familiarity for performers | Shure logo prominently visible signals professional-grade quality to experienced buyers"
"High-CTR","Musical Instruments","Ukulele","Donner Concert Mahogany Ukulele Beginner Kit, 23 Inch with Tuner, Strap, Gig Bag, Strings","Donner","B01NABD06T","https://www.amazon.com/dp/B01NABD06T","https://m.media-amazon.com/images/I/71Yjf1c-oEL._AC_SL1500_.jpg","$49.99","4.5","14,321","32","Complete ukulele starter kit, aggressive price point, beginner market","Natural wood grain mahogany finish creates warm appealing texture against white background | Complete kit shown with accessories arranged around instrument implies outstanding value | Classic figure-8 body shape shown full-length creates aspirational lifestyle image | Warm wood tones differentiate strongly from plain white-plastic competitors in search grid"
"High-CTR","Musical Instruments","Guitar","Squier by Fender Stratocaster Beginner Pack, Laurel Fingerboard, Burgundy Mist","Squier by Fender","B07CNL3BH4","https://www.amazon.com/dp/B07CNL3BH4","https://m.media-amazon.com/images/I/71L5FqYwqQL._AC_SL1500_.jpg","$249.99","4.5","11,234","38","Fender brand equity at starter price, complete electric guitar starter set","Burgundy mist finish on Stratocaster body creates premium rock star visual aspiration | Fender headstock silhouette is iconic and creates immediate brand recognition | Full guitar shown straight-on fills frame dramatically and creates visual impact | Bold color choice (burgundy mist) stands out dramatically against generic black guitars on search page"
"High-CTR","Musical Instruments","Piano & Keyboard","Alesis Melody 54 Beginner Keyboard Piano with 54 Keys, Built-In Speakers, 300 Sounds","Alesis","B07NW3PTGJ","https://www.amazon.com/dp/B07NW3PTGJ","https://m.media-amazon.com/images/I/81k9c43YCBL._AC_SL1500_.jpg","$79.99","4.4","16,543","44","Complete beginner keyboard set, high value bundle, gift market","Full keyboard shown from slight angle reveals key layout and buttons creating complete product story | Black and white keys with colored performance buttons create visually stimulating interface shot | Bundle items arranged below keyboard shows complete value package in single image | White keys against black body create natural contrast that makes product pop on page"
"High-CTR","Musical Instruments","Guitar Accessories","Ernie Ball Wonder Wipes Guitar Cleaning and Polishing 6 Pack","Ernie Ball","B000NLRWEG","https://www.amazon.com/dp/B000NLRWEG","https://m.media-amazon.com/images/I/71qIPw7bFjL._AC_SL1500_.jpg","$7.99","4.7","13,456","50","Essential guitar maintenance, Ernie Ball brand trust, consumable repeat purchase","Bright orange and black Ernie Ball branding creates strong brand recall signal | Multi-pack of 6 clearly visible creates sense of quantity and value | Small packet size shown at scale versus hand communicates convenient portability | Bold orange color is highly distinctive in musical accessories category search results"
"High-CTR","Musical Instruments","Tuners","Snark SN-5X Clip-On Tuner for Guitar, Bass and Violin","Snark","B00G2XH9BE","https://www.amazon.com/dp/B00G2XH9BE","https://m.media-amazon.com/images/I/71-Jp+0oBIL._AC_SL1500_.jpg","$12.49","4.5","31,234","55","Category-leading clip-on tuner, recognized by musicians everywhere, affordable","Bright pink/fuchsia color is strikingly unique in musical accessories search results | Rotating display head shown in open position demonstrates functional flexibility | Clip mechanism clearly visible explains how product attaches without reading listing | Vivid fuchsia against white is among most attention-grabbing color combinations in category"
"High-CTR","Musical Instruments","Microphones","Focusrite Scarlett Solo 3rd Gen USB Audio Interface for Guitarists, Producers, Podcasters","Focusrite","B07QR6Z1JB","https://www.amazon.com/dp/B07QR6Z1JB","https://m.media-amazon.com/images/I/71hBH9J7dGL._AC_SL1500_.jpg","$119.99","4.7","42,345","60","Category leader in audio interfaces, creator economy essential, iconic product design","Iconic red Scarlett housing with silver knobs creates instantly recognizable product identity | Glowing input rings and LED indicators visible on front panel suggest professional functionality | 3/4 angle shows both front controls and side ports communicating interface capability | Red against white background creates one of the most attention-getting contrasts in music tech category"
"High-CTR","Musical Instruments","Drums","Meinl Cymbals HCS Bronze Performance Set, 14/16/20 with Free 10-inch Splash","Meinl","B001RFQB5W","https://www.amazon.com/dp/B00N1YDXAU","https://m.media-amazon.com/images/I/71EYFiI3JAL._AC_SL1500_.jpg","$199.99","4.5","7,654","68","Complete cymbal set value, beginner kit market, Meinl brand quality","Metallic bronze shimmer of cymbals creates luxurious gleaming visual effect | Full set arrangement showing all sizes communicates complete value at single glance | Circular cymbal shapes in graduated sizes create pleasing geometric visual hierarchy | Warm gold-bronze tones on white background have naturally high visual appeal and warmth"
"High-CTR","Books & Media","Coloring Books","Color Me Calm: 100 Coloring Templates for Meditation and Relaxation - Lacy Mucklow","Lacy Mucklow","B00MTIDFU2","https://www.amazon.com/dp/B00MTIDFU2","https://m.media-amazon.com/images/I/71pROlbz3XL._AC_SL1500_.jpg","$14.95","4.6","8,234","20","Therapeutic coloring trend, wellness market crossover","Cover art with intricate mandala pattern already partially colored demonstrates product use instantly | Vibrant purple and blue tones on cover create eye-catching visual versus plain text covers | Open book display showing interior designs gives buyer clear expectation of content quality | Color-filled sample page visible in cover builds anticipation and demonstrates artistic potential"
"High-CTR","Books & Media","Journals","Paperage Lined Journal Notebook, Hard Cover, Medium 5.7 x 8 inches, 160 Pages (Navy Blue)","Paperage","B0792QPKP9","https://www.amazon.com/dp/B0792QPKP9","https://m.media-amazon.com/images/I/71SDLF2xv6L._AC_SL1500_.jpg","$11.99","4.6","27,456","25","Bestselling value journal, clean minimal design, high conversion at low price","Deep navy blue hard cover against white creates bold sophisticated contrast | Minimalist canvas design with subtle texture visible communicates premium tactile quality | Slightly angled view reveals notebook thickness communicating 160-page value | Elastic band closure loop visible on spine adds functional feature that differentiates from loose notebooks"
"High-CTR","Books & Media","Planners","Erin Condren LifePlanner Horizontal, 7x9, Weekly Planner with Colorful Interiors","Erin Condren","B0BFJQ1GJ8","https://www.amazon.com/dp/B0BFJQ1GJ8","https://m.media-amazon.com/images/I/81pqB0iVNFL._AC_SL1500_.jpg","$55.00","4.7","9,876","30","Premium planner market leader, dedicated community, gift category","Open planner displaying colorful weekly spread creates immediate organizational aspiration | Bold, colorful page design with stickers and markers shown creates joyful visual story | Multiple color options visible in cover design appeal to personalization desires | Interior page spread shows actual usability and planning system which drives purchase confidence"
"High-CTR","Books & Media","Fiction","A Court of Thorns and Roses (ACOTAR Series, Book 1) by Sarah J. Maas - Paperback","Sarah J. Maas","B00VG0O1SS","https://www.amazon.com/dp/B00VG0O1SS","https://m.media-amazon.com/images/I/81OwCO5V6qL._AC_SL1500_.jpg","$12.99","4.7","145,678","35","BookTok phenomenon, series starter, fantasy romance category explosion","Dramatic dark cover art with gold embossed title creates premium fantasy visual impact | High contrast dark background with gold lettering communicates premium and mystique | Distinctive spine visible when angled shows series branding for collectors appeal | Dark moody cover stands out dramatically versus lighter covers on the same search results page"
"High-CTR","Books & Media","Coloring Books","Crayola Coloring Pages Ultimate Collection, 288 Perforated Coloring Sheets for Kids","Crayola","B01MU0Z1SS","https://www.amazon.com/dp/B01MU0Z1SS","https://m.media-amazon.com/images/I/71+K9JrF+NL._AC_SL1500_.jpg","$9.99","4.6","13,456","40","Crayola brand trust, kids coloring market, high page count value","Crayola brand rainbow colors on cover create immediate trust and recognition signal | 288 pages visible on packaging communicates extreme value at low price point | Colorful character illustrations on cover demonstrate variety of drawing styles inside | Thick book spine visible in angled view reinforces high page count value proposition"
"High-CTR","Books & Media","Self-Help","The 48 Laws of Power by Robert Greene - Paperback","Robert Greene","B0028MBHRM","https://www.amazon.com/dp/B0028MBHRM","https://m.media-amazon.com/images/I/41ytMnUIboL._AC_SL1500_.jpg","$19.99","4.7","78,901","45","Cult classic power book, professional ambition market, sustained decade-long bestseller","All-black cover with minimalist gold title typography creates bold sophisticated visual | High contrast black and gold color scheme stands dramatically apart from colorful self-help books | Chess piece imagery on cover immediately communicates strategic intelligence theme | Dark premium aesthetic suggests exclusive content and creates curiosity-driven click"
"High-CTR","Books & Media","Journals","Clever Fox Budget Planner and Monthly Bill Organizer with Expense Tracker Notebook","Clever Fox","B07HGDXRWY","https://www.amazon.com/dp/B07HGDXRWY","https://m.media-amazon.com/images/I/81GYc3+BIAL._AC_SL1500_.jpg","$32.95","4.5","18,234","50","Financial wellness trend, budget tracking category, high utility","Open view showing filled-in budget tracking pages demonstrates real utility visually | Teal color cover creates fresh positive financial management vibe | Sample completed budget page visible in open spread reduces purchase anxiety by showing content | Dual-page spread view differentiates from plain closed notebook competitors on search page"
"High-CTR","Books & Media","Children Books","National Geographic Kids: Why? Over 1,111 Answers to Everything","National Geographic","B00NKFPOH2","https://www.amazon.com/dp/B00NKFPOH2","https://m.media-amazon.com/images/I/91QDRx+wvdL._AC_SL1500_.jpg","$14.99","4.8","11,234","55","National Geographic brand trust, educational gifting, parent-approved content","Bold yellow National Geographic branding creates immediate brand recognition and trust signal | Colorful animal photo on cover creates visual excitement and curiosity | Bright primary colors with animal imagery creates strong gift-appropriate visual appeal | National Geographic yellow border is one of the most recognized branding signals in publishing"
"High-CTR","Books & Media","Fiction","It Ends with Us by Colleen Hoover - Paperback","Colleen Hoover","B077MHXZ2T","https://www.amazon.com/dp/B077MHXZ2T","https://m.media-amazon.com/images/I/71p4bEH1piL._AC_SL1500_.jpg","$12.99","4.7","213,456","7","BookTok megahit, emotional fiction leader, massive sustained demand across all demographics","Pastel floral cover art creates distinct soft romantic visual against stark white background | CoHo (Colleen Hoover) author branding at top creates recognition signal for massive fan base | Illustrated flowers create tactile artisanal look that differentiates from photo covers | Pale pink and blue palette creates emotionally resonant romantic visual that appeals to core audience"
"High-CTR","Books & Media","Journals","Decomposition Book: 100% Post-Consumer-Waste Recycled Ruled Composition Notebook","Decomposition Book","B001AWBZRI","https://www.amazon.com/dp/B001AWBZRI","https://m.media-amazon.com/images/I/91grKLJmPwL._AC_SL1500_.jpg","$9.95","4.7","22,456","62","Eco-friendly notebook market, distinctive brand identity, college and creative markets","Distinctive illustrated cover art makes each notebook uniquely visual and collectible-feeling | Eco-friendly recycled paper messaging appeals to sustainability-conscious buyers | Bold unique cover illustration creates high visual distinctiveness versus plain composition books | Cover art style creates artistic personality that resonates with creative and student markets"
"High-CTR","Jewelry & Watches","Smartwatches","Fitbit Charge 6 Fitness Tracker with Google Maps, Google Wallet, Heart Rate, Black/Obsidian","Fitbit","B0CCNG7JDQ","https://www.amazon.com/dp/B0CCNG7JDQ","https://m.media-amazon.com/images/I/71kfNu+DLOL._AC_SL1500_.jpg","$149.95","4.4","16,789","15","Premium fitness tracker with Google integration, health tech category","Sleek device shown with vibrant display screen showing actual health metrics UI | Obsidian black finish creates premium tech look against white background | Slim profile with clearly visible display communicates wearable fashion-tech identity | Active health UI shown on screen makes health benefits immediately tangible to health-conscious buyers"
"High-CTR","Jewelry & Watches","Earrings","Sterling Silver Cubic Zirconia Stud Earrings Set, 12 Pairs Round CZ Studs in Multiple Sizes","Jstyle","B07D47KTNZ","https://www.amazon.com/dp/B07D47KTNZ","https://m.media-amazon.com/images/I/81MEdp65k9L._AC_SL1500_.jpg","$12.99","4.5","28,910","20","Multi-pack value, everyday wear studs, jewelry collection building","12-pair collection arranged in gradient by size creates visually organized and aspirational display | Sparkling CZ stones catch light creating multiple bright highlight points in thumbnail | Organized arrangement communicates collection value and variety at single glance | Crystal sparkle points on dark display card create jewelry-store quality visual presentation"
"High-CTR","Jewelry & Watches","Watch Accessories","Fullmosa Bamboo Apple Watch Band 38mm 40mm 41mm, Leather Watch Band with Stainless Steel Clasp","Fullmosa","B01F6NZHPW","https://www.amazon.com/dp/B01F6NZHPW","https://m.media-amazon.com/images/I/71XKBHiAHGL._AC_SL1500_.jpg","$12.99","4.5","32,567","25","Leather Apple Watch band style upgrade, premium look at low cost","Rich brown leather texture creates premium material quality signal visible even at thumbnail | Apple Watch hardware shown attached to band communicates direct compatibility clearly | Warm leather tones against white background create warm inviting premium aesthetic | Stainless steel clasp shimmer adds secondary metallic highlight that elevates perception"
"High-CTR","Jewelry & Watches","Necklaces","Caitlyn Minimalist Dainty Name Necklace with 14K Gold Plated Personalized Initial Pendant","Caitlyn Minimalist","B085RTJLMP","https://www.amazon.com/dp/B085RTJLMP","https://m.media-amazon.com/images/I/71e+XLzFrJL._AC_SL1500_.jpg","$39.95","4.7","19,234","30","Personalized jewelry trend, name necklace gifting category, dainty minimalism","Delicate gold initial pendant shown close-up creates intimate personalization appeal | Model neck shown wearing necklace provides scale and real-world beauty context | Dainty chain and pendant against skin creates aspirational lifestyle gifting visual | Personalized initial creates emotional connection and gifting aspiration beyond generic jewelry"
"High-CTR","Jewelry & Watches","Bracelets","Pandora Me Sterling Silver Bracelet with Heart Clasp and 3 Mixed Enamel Charm Set","Pandora","B07MX2M2MF","https://www.amazon.com/dp/B07MX2M2MF","https://m.media-amazon.com/images/I/81KeGMtl3lL._AC_SL1500_.jpg","$85.00","4.7","8,456","35","Pandora brand collectible charm system, gifting category, stackable jewelry","Multiple colorful charms shown on bracelet creates vibrant visual that telegraphs collectibility | Pandora brand visual identity is immediately recognizable to the large Pandora fan base | Charm variety shown suggests expansive gift potential and personalization story | Premium brand presentation with visible logo creates aspirational purchase signal"
"High-CTR","Jewelry & Watches","Rings","QIANSE Women Rings 18K Gold/Rose Gold Plated Stainless Steel Heart Knot Eternity Band","QIANSE","B09J2LFWXT","https://www.amazon.com/dp/B09J2LFWXT","https://m.media-amazon.com/images/I/71sIJ0wvtHL._AC_SL1500_.jpg","$18.99","4.6","13,456","40","Trending heart knot design, rose gold popularity, affordable fashion jewelry","Rose gold metallic finish creates warm, romantic, currently trendy color that draws attention | Heart knot design visible even at thumbnail size communicates romantic theme instantly | Slim elegant ring profile shown straight-on fills frame simply and elegantly | Rose gold color creates distinctive warm metallic pop versus generic silver jewelry competitors"
"High-CTR","Jewelry & Watches","Watches","Fossil Womens Carlie Mini Three-Hand Date Rose Gold-Tone Stainless Steel Watch ES4352","Fossil","B07FG9K4TT","https://www.amazon.com/dp/B07FG9K4TT","https://m.media-amazon.com/images/I/71UPuP4DkPL._AC_SL1500_.jpg","$79.00","4.5","9,234","45","Fossil fashion watch category, rose gold trend, affordable fashion watch gifting","Rose gold metallic band and case catches light creating luxurious warm shimmer effect | 3/4 angle shows watch face and bracelet band simultaneously for complete product story | Dial detail clearly visible showing brand and design at thumbnail size | Warm rose gold tones create distinctly feminine aspirational visual versus standard silver watches"
"High-CTR","Jewelry & Watches","Earrings","Kendra Scott Elisa Pendant Necklace for Women, Fashion Jewelry, 14K Gold-Plated, Ivory Pearl","Kendra Scott","B09TBBZ4XF","https://www.amazon.com/dp/B09TBBZ4XF","https://m.media-amazon.com/images/I/71pXVU1XVAL._AC_SL1500_.jpg","$70.00","4.7","6,789","50","Kendra Scott aspirational brand, pearl jewelry trend, gifting category","Kendra Scott brand gold stamp visible creates aspirational accessible-luxury signal | Pearl pendant shown close-up reveals creamy luster quality of pearl against delicate chain | Model lifestyle wrist/neck context creates real-world beauty context for purchase visualization | Brand logo and gold color combination creates premium-looking thumbnail in jewelry search results"
"High-CTR","Jewelry & Watches","Watch Accessories","Spigen Liquid Air Case Compatible with Apple Watch SE 44mm, Dark Navy","Spigen","B07ZLPXV5P","https://www.amazon.com/dp/B07ZLPXV5P","https://m.media-amazon.com/images/I/71C-I1V0-gL._AC_SL1500_.jpg","$14.99","4.5","11,234","55","Apple Watch accessory market, Spigen brand trust, protective case category","Navy blue matte finish creates premium cool-toned visual on white background | Spigen brand Liquid Air texture visible on case surface shows premium tactile quality | Apple Watch shape clearly visible through case communicates compatibility and exact fit | Dark navy creates strong visual contrast versus lighter Apple Watch accessories in search"
"High-CTR","Jewelry & Watches","Necklaces","Miabella 925 Sterling Silver Italian 3mm Figaro Link Chain Necklace for Men","Miabella","B01AF8FMD4","https://www.amazon.com/dp/B01AF8FMD4","https://m.media-amazon.com/images/I/71aeTb7bqVL._AC_SL1500_.jpg","$39.99","4.5","14,567","60","Sterling silver chain leader for men, classic design, gift market","Silver chain shown close-up reveals intricate figaro link pattern visible even at thumbnail | High-polish sterling silver catches light creating sparkle along chain length | Chain laid flat against white creates clean geometric pattern that reads clearly as premium | Italian-style figaro links create visual texture and craftsmanship impression in simple image"
"High-CTR","Shoes & Handbags","Clogs & Slides","Crocs Unisex Classic Tie-Dye Clog, Multi, 10 Womens/8 Mens","Crocs","B096XJZQ12","https://www.amazon.com/dp/B096XJZQ12","https://m.media-amazon.com/images/I/71DUEXQxE4L._AC_UX695_.jpg","$64.99","4.7","14,567","18","Limited colorway drives discovery, Crocs tie-dye viral trend","Swirling multicolor tie-dye pattern creates maximum visual energy and uniqueness versus solid color Crocs | Bold rainbow color fusion creates one of the most visually arresting thumbnails in the shoe category | Tie-dye aesthetic triggers trend-awareness and social media familiarity for younger shoppers | Color complexity creates curiosity-driven clicks even from shoppers not actively seeking Crocs"
"High-CTR","Shoes & Handbags","Sneakers","Nike Womens Air Max 270 Running Shoe, White/Metallic Gold-Sail-Vast Grey","Nike","B07B4JWFGP","https://www.amazon.com/dp/B07B4JWFGP","https://m.media-amazon.com/images/I/71FXgfcDwWL._AC_UX695_.jpg","$150.00","4.6","23,456","22","Nike brand premium driving aspiration clicks, Air Max heritage silhouette","Large visible Air heel unit creates distinctive silhouette immediately recognizable to sneaker shoppers | White and gold colorway creates premium aspirational visual versus standard athletic white | Nike Swoosh logo visible on side creates instant brand recognition click trigger | 3/4 angle shows dramatic heel height and cushioning that is the products key differentiating feature"
"High-CTR","Shoes & Handbags","Tote Bags","Longchamp Le Pliage Original Tote Bag, Long Handles, Navy Blue, Small","Longchamp","B00JXXKZV4","https://www.amazon.com/dp/B00JXXKZV4","https://m.media-amazon.com/images/I/61w0YJeJQ6L._AC_SL1500_.jpg","$145.00","4.7","11,234","28","Iconic accessible luxury bag, foldable design, professional and travel market","Deep navy blue color creates sophisticated premium visual contrast against white | Iconic Le Pliage silhouette with long handles is instantly recognizable to fashion-aware shoppers | Structured shape shown with slight opening reveals interior space and bag depth | Longchamp brand logo visible on flap creates accessible-luxury brand recognition signal for aspirational buyers"
"High-CTR","Shoes & Handbags","Sandals","Sam Edelman Womens Gigi Ankle Strap Sandal, Bright Pink Leather, 8.5 M US","Sam Edelman","B07CDWXKQY","https://www.amazon.com/dp/B07CDWXKQY","https://m.media-amazon.com/images/I/71vdT1t-W7L._AC_UX695_.jpg","$49.95","4.4","18,765","34","Summer sandal category, vibrant color options, affordable fashion brand","Bright pink shoe color against pure white creates one of the highest-contrast color combinations in footwear | Ankle strap detail clearly visible from 3/4 angle shows distinctive design feature at thumbnail | Block heel height shown from side communicates comfort and wearability story | Bold candy-pink color virtually guarantees visual attention in a sea of neutral shoe thumbnails"
"High-CTR","Shoes & Handbags","Crossbody Bags","Travelon Anti-Theft Classic Mini Shoulder Bag, Black, One Size","Travelon","B00M9KIJRS","https://www.amazon.com/dp/B00M9KIJRS","https://m.media-amazon.com/images/I/71MaqG2zPaL._AC_SL1500_.jpg","$37.99","4.5","32,456","40","Travel bag category leader, anti-theft features, vacation and travel market","Compact square shape shown open reveals organized interior pockets that communicate anti-theft feature story | Multiple visible security features (locking zipper, slash-resistant strap) tell functional story at a glance | Clean black with subtle gold hardware creates sophisticated yet functional travel aesthetic | Open bag view reduces purchase anxiety by showing exactly what interior organization is available"
"High-CTR","Shoes & Handbags","Boots","Steve Madden Womens Conspire Ankle Boot, Cognac Leather, 7.5","Steve Madden","B07D89FWRM","https://www.amazon.com/dp/B07D89FWRM","https://m.media-amazon.com/images/I/71kNJr1M0RL._AC_UX695_.jpg","$89.95","4.4","12,345","46","Steve Madden trend-forward boots, cognac leather fall fashion, boot season category","Rich cognac leather color creates warm seasonal visual that stands out versus black boot dominance | Visible leather texture and stitching detail communicates quality craftsmanship at thumbnail scale | Stacked heel shown from 3/4 angle communicates fashionable height and comfortable wearability balance | Warm cognac tone is distinctly warm and unique against the sea of black ankle boots in search results"
"High-CTR","Shoes & Handbags","Sneakers","Adidas Womens Grand Court 2.0 Tennis Shoe, White/White/Blue Tint, 8.5","adidas","B09WFQNP4J","https://www.amazon.com/dp/B09WFQNP4J","https://m.media-amazon.com/images/I/81VjPAP1sML._AC_UX695_.jpg","$55.00","4.5","21,456","52","Adidas retro court shoe, clean minimal aesthetic, casual fashion trend","Clean white court shoe with three Adidas stripes creates instantly recognizable brand identity | Blue tint accent creates subtle color interest versus stark white-only alternatives | Classic court shoe silhouette triggers nostalgia and clean aesthetic appreciation | Adidas stripes are one of the most recognized brand signals in all of footwear search results"
"High-CTR","Shoes & Handbags","Tote Bags","Kate Spade New York Medium Tote Shoulder Bag Purse, Powder Blue","Kate Spade","B08VRTCF7J","https://www.amazon.com/dp/B08VRTCF7J","https://m.media-amazon.com/images/I/71lY2Z3MPLL._AC_SL1500_.jpg","$178.00","4.6","7,456","58","Kate Spade aspirational luxury, powder blue color trend, gifting category","Kate Spade signature gold logo spade charm visible creates instant accessible-luxury brand recognition | Powder blue color is uniquely serene and distinct against neutral bag competitors on page | Structured shape shown stuffed communicates interior volume and bag shape quality | Metallic gold hardware on bag catches light creating premium sparkle signal at thumbnail size"
"High-CTR","Shoes & Handbags","Clogs & Slides","Birkenstock Unisex Boston Shearling Suede Mule, Khaki, 42 EU/9-9.5 US","Birkenstock","B07PBWDML7","https://www.amazon.com/dp/B07PBWDML7","https://m.media-amazon.com/images/I/71YlDFHVxgL._AC_UX695_.jpg","$154.95","4.6","16,789","64","Birkenstock shearling trend, cozy footwear category, seasonal bestseller","Plush shearling/fur lining visible pouring over the top of the clog creates luxuriously cozy visual | Warm khaki and natural cream color palette creates inviting fall/winter seasonal emotional response | Shearling texture is uniquely tactile-looking and creates strong sensory desire to touch and wear | Distinctive clog silhouette with visible warm lining is uniquely compelling versus standard sandals"
"High-CTR","Shoes & Handbags","Crossbody Bags","LOVEVOOK Women Crossbody Bags, Small Purse with Adjustable Strap, Cell Phone Bag","LOVEVOOK","B08GY2G9PM","https://m.media-amazon.com/images/I/71TJ5LHSTFL._AC_SL1500_.jpg","https://m.media-amazon.com/images/I/71TJ5LHSTFL._AC_SL1500_.jpg","$29.99","4.5","23,456","70","Value crossbody bag category, high conversion price point, compact design trend","Rich burgundy or blush pink color shown against white creates high-visibility aspirational visual | Small bag shown open reveals multiple compartments telegraphing organizational value without reading | Adjustable strap clearly visible communicates versatile wear options from single product view | Compact structure shown against white background creates clean elegant visual at affordable price point"
